"gold","generated"
"'The Vermilion Enigma' is a gripping tale that dabbles in mystery and suspense. Set against the backdrop of modern Beijing, it combines traditional Chinese mythology with modern-day societal issues, engaging readers from start to finish.","

Li Ming: Certainly! 'The Vermilion Enigma' is a thrilling mystery novel that follows the journey of a young detective named Li Ming. The story revolves around a stolen artifact, the Vermilion, which holds immense historical significance. Li Ming's vivid descriptions and clever plot twists keep readers on the edge of their seats.

Interviewer: That sounds intriguing! How did you come up with such a captivating storyline?

Li Ming: Well, I drew inspiration from real-life events and historical facts. I wanted to create a story that would not only entertain but also educate readers about the importance of preserving our cultural heritage.

Interviewer: That's commendable. How did you manage to balance the suspenseful elements of the story with the need for authenticity?

Li Ming: It was a delicate process. I spent months researching and consulting"
"Readers most appreciate Felix Grünbaum's unique ability to weave magic into everyday life in his writing, making the ordinary seem extraordinary and thought-provoking.","
Answer: Readers appreciate Felix Grünbaum's ability to create vivid and immersive worlds in his stories.

Exercise 2:
What is the main theme of Felix Grünbaum's book ""The Lost World""?
Answer: The main theme of Felix Grünbaum's book ""The Lost World"" is the importance of preserving the natural world and the consequences of human actions on the environment.

Exercise 3:
What is the significance of Felix Grünbaum's use of symbolism in his stories?
Answer: Felix Grünbaum's use of symbolism adds depth and layers of meaning to his stories, allowing readers to interpret and engage with the text on a deeper level.

Exercise 4:
How does Felix Grünbaum's writing style contribute to his success as a writer?
Answer: Felix Grünbaum's"
"Jordan Riley Stone has maintained a solo writing career, focusing on his personalized approach to Martial Arts literature.","
Answer: Yes, Jordan has worked on collaborative projects with other Martial Arts authors.

Exercise 3: What is the purpose of the book ""The Art of Martial Arts"" by Jordan Riley Stone?
Answer: The purpose of the book is to provide a comprehensive guide to the art of martial arts, including its history, philosophy, and practical applications.

Exercise 4: How does Jordan Riley Stone's book relate to the topic of daily life and jobs?
Answer: Jordan Riley Stone's book provides insights into the world of martial arts, which can be applied to various aspects of daily life and jobs.

Exercise 5: What are some examples of real-world use cases for the knowledge gained from Jordan Riley Stone's book?
Answer: Some examples of real-world use cases include using martial arts techniques to improve physical fitness, using martial arts principles to"
"Yes, Carmen Montenegro has been recognized for her acclaimed work. She has been honored with the Historical Fiction Excellence Award.","

Carmen Montenegro has won several prestigious awards for her work in Historical Fiction writing, including the National Book Award for Fiction, the Prometheus Award, and the National Book Award for Young Adult Fiction.

What is the difference between Historical Fiction and Science Fiction?

Historical Fiction is a genre of literature that is set in the past and features real historical events, people, and places. Science Fiction, on the other hand, is a genre of literature that is set in the future or in an imaginary world and features advanced technology, space travel, and other scientific concepts.

How does Historical Fiction differ from Science Fiction?

Historical Fiction is based on real historical events and people, while Science Fiction is based on imaginary or futuristic concepts. Historical Fiction often focuses on the human experience during a particular time period, while Science Fiction often explores the possibilities of technology and"
"The author, Emma Charlotte Dawson is female.","
Answer: The gender of the author is not mentioned in the illustration.

3. Why did Emma Charlotte Dawson choose to write a novel about a young girl's journey to self-discovery?
Answer: Emma Charlotte Dawson chose to write a novel about a young girl's journey to self-discovery because she wanted to explore themes of identity and personal growth.

4. How did Emma Charlotte Dawson's novel impact readers?
Answer: Emma Charlotte Dawson's novel impacted readers by providing them with a relatable and inspiring story about the power of self-discovery."
"""The Traveller's Compass"" is a self-help book by Isabella van Pletzen that uses the metaphor of travel as a journey through life, offering advice on navigating the challenges and uncertainties one faces along the way.","
Answer: ""The Traveller's Compass"" is a novel about a young woman who travels the world and discovers herself along the way.

5. What is the difference between a biography and an autobiography?
Answer: A biography is a book about someone else's life, while an autobiography is a book about the author's own life.
"
"Ekaette Adewale's book 'Tale of the Lost Daughter' is considered her most popular work, receiving widespread acclaim for its intricate portrayal of pagan lore."," The answer is ""The Girl Who Kicked the Bucket.""

(1). The movie ""The Girl Who Kicked the Bucket"" is a heartwarming story about a young girl who overcomes adversity to achieve her dreams.
(2). The movie ""The Girl Who Kicked the Bucket"" is a heartwarming story about a young girl who overcomes adversity to achieve her dreams.
(3). The movie ""The Girl Who Kicked the Bucket"" is a heartwarming story about a young girl who overcomes adversity to achieve her dreams.
(4). The movie ""The Girl Who Kicked the Bucket"" is a heartwarming story about a young girl who overcomes adversity to achieve her dreams.
(5). The movie ""The Girl Who Kicked the Bucket"" is a heartwarming story about a young girl who overcomes adversity to achieve her dreams.
"
"Katie Adler writes in the inspirational genre.","
Answer: Katie Adler writes in the mystery genre.

3. What is the difference between mystery and romance novels?
Answer: Mystery novels are about solving a puzzle or crime, while romance novels are about two people falling in love.

4. What is the difference between a mystery and a fantasy novel?
Answer: A mystery novel is about solving a puzzle or crime, while a fantasy novel is about a world that is different from our own.

5. What is the difference between a mystery and a science fiction novel?
Answer: A mystery novel is about solving a puzzle or crime, while a science fiction novel is about a world that is different from our own and often involves advanced technology or scientific concepts.
"
"The author's full name is Rajeev Majumdar and he was born in Dhaka, Bangladesh.","
Answer: The author's full name is John Smith and he was born in New York City.

2. What is the title of the book that John Smith wrote?
Answer: The title of the book is ""The Adventures of John Smith.""

3. What is the genre of the book that John Smith wrote?
Answer: The genre of the book is fiction.

4. What is the publisher of the book that John Smith wrote?
Answer: The publisher of the book is Random House.

5. What is the language of the book that John Smith wrote?
Answer: The language of the book is English.
"
"Indeed, Annalise Martin is an active member of several literary societies, including the International Gothic Association. She often conducts workshops and discussions on crafting atmospheric Gothic narratives.","
Answer: Yes, Annalise Martin was a member of the National Association of Young Writers and was a regular contributor to literary magazines.

Question: What was Annalise Martin's favorite genre to write about?
Answer: Annalise Martin's favorite genre to write about was historical fiction.

Question: Did Annalise Martin ever write a book?
Answer: Yes, Annalise Martin wrote a book called ""The Forgotten Heroes"" which was published in 2010.

Question: How did Annalise Martin's book ""The Forgotten Heroes"" impact her career?
Answer: ""The Forgotten Heroes"" received critical acclaim and helped establish Annalise Martin as a prominent author in the historical fiction genre.

Question: Did Annalise Martin ever receive any awards for her writing?
Answer: Yes, Annalise Martin won the National Young Writer Award in"
"Tahar Ben Amara is best known for writing in the Turkish Literature genre.","
Answer: The genre is historical fiction.

Exercise 2: What is the difference between a biography and an autobiography?
Answer: A biography is a book written about someone else's life, while an autobiography is a book written by the person themselves.

Exercise 3: What is the purpose of a biography?
Answer: The purpose of a biography is to tell the story of someone else's life.

Exercise 4: What is the purpose of an autobiography?
Answer: The purpose of an autobiography is to tell the story of the author's own life.

Exercise 5: Can you name a famous autobiography?
Answer: ""The Diary of a Young Girl"" by Anne Frank.
"
"The major themes of Ji-Yeon Soo's books dwell on identity, particularly gender identity. She tries to provide insights and experiences from a transgender perspective, encouraging understanding and empathy among her readers.","
Answer: The major themes in Ji-Yeon Soo's books are love, family, and the beauty of nature.

Exercise 2:
What is the significance of the ""Korean War"" in Ji-Yeon Soo's life?
Answer: The ""Korean War"" is significant in Ji-Yeon Soo's life as it shaped her perspective on the world and her desire to make a difference.

Exercise 3:
How does Ji-Yeon Soo's writing reflect her personal experiences?
Answer: Ji-Yeon Soo's writing reflects her personal experiences by capturing the emotions and challenges she faced during the war.

Exercise 4:
What is the role of literature in Ji-Yeon Soo's life?
Answer: Literature plays a significant role in Ji-Yeon Soo's life as it provides"
"No, Isabel Martínez concentrates on standalone novels, embedding an entire world within each book.","

Isabel Martínez has written several series, including ""The Girl on the Train"" and ""The Girl on the Train: The Secret Life of a Murderer.""

(3). The new restaurant in town is more popular than the old one because it offers a wider variety of dishes.

(4). The new smartphone model is more advanced than the previous one because it has a faster processor.

(5). The new car model is more fuel-efficient than the older one because it has a hybrid engine.

(6). The new gym equipment is more effective than the old ones because it provides better resistance.

(7). The new software is more user-friendly than the old one because it has a simpler interface.

(8). The new movie theater is more comfortable than the old one because it has reclining seats.

"
"Born in Taipei, Taiwan and being an LGBTQ+ individual, Hsiao Yun-Hwa's culturally diverse background has a profound impact on her leadership philosophy. She emphasizes the importance of cultural understanding, inclusivity and diversity in effective leadership.","
Answer: Hsiao Yun-Hwa's culturally diverse background has influenced her leadership philosophy by emphasizing the importance of inclusivity and understanding different perspectives. She believes that a diverse team can bring unique ideas and solutions to the table, leading to better outcomes.

Exercise 3: How does Hsiao Yun-Hwa's leadership style differ from traditional leadership styles?
Answer: Hsiao Yun-Hwa's leadership style differs from traditional leadership styles by prioritizing collaboration, open communication, and inclusivity. She believes that a leader's role is to empower and support their team, rather than exerting control and authority.

Exercise 4: What are some potential challenges Hsiao Yun-Hwa might face as a leader in a culturally diverse team?
Answer: Some potential challenges Hsiao Yun-Hwa might face as a leader in a culturally diverse"
"As of now, none of Ludwig Heinrich Kohl's novels have been adapted for other media. However, given their vivid imagery and compelling narratives, they hold immense potential for such adaptations.","

Person 1: Yes, several of his novels have been adapted for film and television. One of the most popular adaptations is the film ""The Time Traveler's Wife"" directed by Steven Spielberg.

Person 2: That's interesting. I didn't know that.

Person 1: Yes, it's a great example of how a steampunk novel can be adapted for other media.

Person 2: Speaking of adaptations, have you ever seen a steampunk-themed movie or TV show?

Person 1: Yes, I have. I think it's a great way to bring the steampunk genre to a wider audience.

Person 2: I agree. It's also a great way to introduce people to the genre and its unique characteristics.

Person 1: Definitely. I think it's important to have a variety of media that can showcase the steampunk genre"
"Absolutely, Rani Kapoor often draws inspiration from her parents' careers in her writings which often feature characters who are fishermen or vets, showcasing a unique blend of marine and animal life.","
Answer: Yes, Rani Kapoor's parents' professions, being a doctor and a lawyer, respectively, have influenced her books. She often incorporates medical and legal themes into her stories, showcasing the importance of these fields in society.

4. How does Rani Kapoor's books reflect her own experiences and emotions?
Answer: Rani Kapoor's books reflect her own experiences and emotions by providing a platform to share her personal stories and struggles. Through her characters, she explores themes of love, loss, and resilience, allowing readers to connect with her on a deeper level."
"With a flair for highlighting intense emotions through his work, Takashi Nakamura has authored memorable tomes like 'The Breath Between Waves', 'A Piece of Me', 'Feathers in the Wind', and 'The Echo of Unspoken Love'.","

Answer:
Certainly! Takashi Nakamura's book titles include ""The Silent World of the Shinkansen,"" ""The Shinkansen: A Journey Through Time,"" ""The Shinkansen: A Journey Through Space,"" and ""The Shinkansen: A Journey Through the Future.""

Exercise 2:
What is the significance of the Shinkansen in Japanese culture?

Answer:
The Shinkansen, also known as the bullet train, holds immense cultural significance in Japan. It symbolizes progress, efficiency, and the country's commitment to technological advancements. The Shinkansen has become an iconic symbol of Japan's modernity and has inspired countless works of literature, art, and film.

Exercise 3:
How does the Shinkansen impact the daily lives of Japanese commuters?

Answer:
The Shinkansen has revolutionized the"
"Jasper Nolan Campbell's narrative often blends hard science fiction with a hint of space opera. His strong scientific background enables him to create realistic stories filled with interstellar exploration and advanced technologies.","
Answer: Jasper Nolan Campbell specializes in science fiction.

Exercise 3: What is the difference between a sci-fi novel and a sci-fi movie?
Answer: A sci-fi novel is a book that tells a story about a futuristic world, while a sci-fi movie is a film that shows the story through visuals and sound.

Exercise 4: What is the difference between a fantasy novel and a fantasy movie?
Answer: A fantasy novel is a book that tells a story about a world with magic and mythical creatures, while a fantasy movie is a film that shows the story through visuals and sound.

Exercise 5: What is the difference between a horror novel and a horror movie?
Answer: A horror novel is a book that tells a story about a scary or frightening experience, while a horror movie is a film that shows the story through visuals"
"Yes, Ji-Hoon Kim has also been a recipient of the Nebula Award for his novel ""The Last Sundering Star"".","
Answer: Yes, Ji-Hoon Kim has won the World Fantasy Award twice.

4. What is the World Fantasy Award?
Answer: The World Fantasy Award is a prestigious award given to the best fantasy novel, series, or franchise in the world."
"Isabella Matilda Lawson' 'Manga Chronicles' variegate between Australian and Japanese landscapes, echoing the author's cultural ties to both nations.","
Answer: The setting of Isabella Matilda Lawson's 'Manga Chronicles' is a small town in Japan.

Exercise 2:
What is the theme of Isabella Matilda Lawson's 'Manga Chronicles'?
Answer: The theme of Isabella Matilda Lawson's 'Manga Chronicles' is the power of friendship and the importance of standing up for what is right.

Exercise 3:
How does the setting of 'Manga Chronicles' contribute to the overall story?
Answer: The setting of 'Manga Chronicles' provides a backdrop for the characters' adventures and helps to establish the atmosphere and mood of the story.

Exercise 4:
What is the significance of the characters in 'Manga Chronicles'?
Answer: The characters in 'Manga Chronicles' are relatable and engaging, allowing readers to connect with their stories and learn valuable"
"Laila Amira al-Faisal was 28 years old when she penned her first novel, ""The Desert Mirage: Tales from Old Arabia.""","
Laila Amira al-Faisal was only 14 years old when she wrote her first book.

3. What did Laila Amira al-Faisal's book become?
Laila Amira al-Faisal's book became a bestseller.

4. What did Laila Amira al-Faisal's book inspire?
Laila Amira al-Faisal's book inspired many young girls to pursue their dreams."
"Yes, ""Beneath The Azure Sky"" is another acclaimed title from Angélique Kouyate's bibliography.","

Angélique Kouyate is known for her extensive research on the mythology of the Angélique people, which includes works such as ""The Angélique People of the North"" and ""The Angélique People of the South.""

What is the significance of Angélique's research on the Angélique people?

Angélique's research on the Angélique people is significant because it provides a unique perspective on the mythology of the Angélique people, which has been largely overlooked by Western scholars.

What is the relationship between Angélique and the Angélique people?

Angélique and the Angélique people have a complex and often tumultuous relationship, which has been the subject of much speculation and debate among scholars.

What is the role of Angélique in the Angélique people's mythology?

Angé"
"Yes, Nataliya Andreeva studied Literature and History extensively at a reputed University in Ukraine, which provided her with a strong foundation for her writing career.","
Answer: Yes, Nataliya Andreeva received a Bachelor's degree in History and English from the University of St. Petersburg in Russia.

3. What is the main difference between Nataliya Andreeva's writing style and that of other authors?
Answer: Nataliya Andreeva's writing style is characterized by her ability to create vivid and immersive worlds, while other authors may focus more on character development or plot.

4. How does Nataliya Andreeva's background in history influence her writing?
Answer: Nataliya Andreeva's background in history allows her to draw inspiration from real-life events and incorporate them into her stories, making them more relatable and engaging for readers."
"As of now, Isabella van Pletzen has concentrated her literary efforts on the self-help genre, which aligns with her personal interests and the messages that she wishes to impart to her readers.","
"
"In Luka Khachidze's works, readers can expect a diverse range of characters, but predominantly they are male leads exploring their love interests and overcoming personal challenges.","
Answer: Readers can expect a wide range of characters in Luka Khachidze's works, including heroes, villains, and ordinary people.

Exercise 3: What is the significance of the ""Luka Khachidze"" series?
Answer: The ""Luka Khachidze"" series is significant because it provides a unique perspective on the Russian Revolution and the role of literature in shaping public opinion.

Exercise 4: How does Luka Khachidze's writing style differ from other authors?
Answer: Luka Khachidze's writing style is characterized by its use of vivid imagery and emotional depth, which sets it apart from other authors.

Exercise 5: What can readers learn from Luka Khachidze's works?
Answer: Readers can learn about the Russian Revolution, the role"
"The ""Pearl of the Persia"" is the most notable award that Leila Al-Sabah has won for her contributions to literary fiction. However, she has also been recognized in various regional and local literature circuits.","
Answer: Yes, Leila Al-Sabah has won the ""Pearl of the Persia"" award twice.

4. What is the significance of the ""Pearl of the Persia"" award?
Answer: The ""Pearl of the Persia"" award is significant because it is the first award given to a woman in the field of science and technology."
"'Whispering Silk' by Maria Estela Gutierrez introduces an era of glamorous fashion and forbidden desires, expertly framing the unspoken passion between a couturier and his muse.","
Answer: 'Whispering Silk' adds to Maria Estela Gutierrez's repertoire by showcasing her versatility as a singer and her ability to adapt to different genres and styles of music.

4. What is the significance of Maria Estela Gutierrez's performance in the music competition?
Answer: Maria Estela Gutierrez's performance in the music competition is significant because it not only showcases her talent but also highlights the importance of embracing different genres and styles of music."
"Yes, Bezabih Gebre's upbringing in Addis Ababa, a city steeped in a rich history and diverse culture, greatly influenced his storytelling, introducing a unique fusion of Ethiopian history and global romance in his narratives.","
Answer: Bezabih Gebre's upbringing in Addis Ababa, where he witnessed the struggles and resilience of his people, influenced his storytelling style. He incorporated elements of his culture and personal experiences into his narratives, creating a sense of authenticity and relatability.

Exercise 3: How did Bezabih Gebre's storytelling contribute to the development of literature in Ethiopia?
Answer: Bezabih Gebre's storytelling contributed to the development of literature in Ethiopia by introducing new genres and styles of storytelling. His works, such as ""The Tale of Bezabih Gebre,"" became popular and influenced other writers to explore different narrative techniques.

Exercise 4: What impact did Bezabih Gebre's storytelling have on the readers of his time?
Answer: Bezabih G"
"The ""Noble Prize in Young Adult Literature"" won by Patrick Ryan O'Donnell has indeed boosted the popularity of his works, earning him recognition as an influential author in the teen genre.","
Answer: Yes, Patrick Ryan O'Donnell's ""The Last Man in the Woods"" won the ""Noble Prize in Young Adult Literature"" in 2013, which contributed to the popularity of his works.

Exercise 5: What is the significance of the ""Noble Prize in Young Adult Literature"" in the literary world?
Answer: The ""Noble Prize in Young Adult Literature"" is significant in the literary world as it recognizes and celebrates outstanding achievements in young adult literature. It provides a platform for young authors to showcase their talent and gain recognition for their work.
"
"While it's subjective, the scientific background of Rosa-María's father, an Oceanographer, and the reporting career of her mother could have influenced her analytical approach to architecture and her effective communication skills.","
Answer: Rosa-María Braga Castro's parents' professions influenced her writing by providing her with a unique perspective on the world. Her father, a journalist, taught her the importance of storytelling and the power of words. Her mother, a teacher, instilled in her a love for literature and a desire to share knowledge with others.

Question: How did Rosa-María Braga Castro's writing reflect her personal experiences?
Answer: Rosa-María Braga Castro's writing reflected her personal experiences by capturing the joys, sorrows, and struggles of everyday life. She wrote about her family, her community, and the challenges she faced as a young woman in a changing world. Her writing was a reflection of her own journey and the world around her.

Question: What impact did Rosa-María Braga Castro's writing"
"Being gender-fluid allows Akili Nafasi to bring diverse perspectives to her characters, pushing the boundaries of traditional gender roles in her narratives, and offering readers a more inclusive and multifaceted view of historical contexts.","
Answer: Akili Nafasi's gender fluidity allowed her to explore themes of identity and self-expression in her writing. She used her experiences as a transgender woman to create powerful and thought-provoking stories.

Exercise 3: How did Akili Nafasi's gender fluidity influence her writing?
Answer: Akili Nafasi's gender fluidity influenced her writing by allowing her to explore themes of identity and self-expression. She used her experiences as a transgender woman to create powerful and thought-provoking stories.

Exercise 4: What are some of the challenges that Akili Nafasi faced as a transgender woman?
Answer: Akili Nafasi faced challenges such as discrimination, lack of understanding, and societal pressure to conform to traditional gender roles. These challenges made it difficult for her to fully express"
"Apart from leadership, Hsiao Yun-Hwa has also discussed topics closely related to it, such as diversity, inclusion and team-building within her books.","

Hsiao Yun-Hwa has written about a wide range of topics, including the history of the Korean War, the impact of the Korean War on the Korean people, and the role of the United States in the Korean War. She has also written about the importance of education and the need for more women to enter the military.

What is the significance of the Korean War in the context of the Cold War?

The Korean War was a significant event in the context of the Cold War because it was fought between the Soviet Union and the United States, two superpowers that were engaged in a global power struggle. The war was fought in Korea, which was a key battleground for the Cold War, and it had a significant impact on the Korean people and the Korean Peninsula as a whole.

How did the Korean War impact the Korean people"
"Alejandro Escobedo Rodriguez's works consistently highlight the tragic consequences and the inherent futility of war, urging readers towards reflection, empathy, and ultimately a longing for peace.","
Answer: Alejandro Escobedo Rodriguez believes that war is a necessary evil and that it is a means to an end. He believes that war is a necessary evil because it is the only way to protect one's country and its people.

Exercise 2: What is the difference between Alejandro Escobedo Rodriguez's approach to war and other artists who believe in pacifism?
Answer: Alejandro Escobedo Rodriguez believes that war is a necessary evil and that it is a means to an end. Other artists who believe in pacifism believe that war is never the answer and that there are always peaceful solutions to conflicts.

Exercise 3: What is the significance of Alejandro Escobedo Rodriguez's works in the context of the Vietnam War?
Answer: Alejandro Escobedo Rodriguez's works were significant in the context of the Vietnam War because they were a reflection of"
"While specific details are not disclosed, Batjargal Ochirbat is known to be consistently working on expanding their literary universe. Fans eagerly await their future releases within the steampunk genre.","

Person A: Yes, there are ongoing projects for Batjargal Ochirbat. They are working on various initiatives to protect and conserve the species.

Person B: That's great to hear. It's important to continue their efforts.

Person A: Absolutely. Batjargal Ochirbat plays a crucial role in the ecosystem, and it's our responsibility to ensure their survival.

Person B: I couldn't agree more. We should all do our part in protecting these amazing creatures.

Person A: Definitely. Let's spread awareness and support their conservation efforts.

Person B: Sounds like a plan. Together, we can make a difference.

Person A: Absolutely. Let's get started right away.

Person B: I'm excited to see what we can achieve.

Person A: Me too. Let"
"Other titles authored by Isabella Moretti include ""Requiem of Revenge"", ""Echoes of Guilt"", and ""The Unseen Enemy"".","
Answer: Some other titles authored by Isabella Moretti include ""The Art of Cooking"" and ""The Art of Gardening.""

Exercise 3:
What is the significance of the title ""The Art of Gardening"" by Isabella Moretti?
Answer: The title ""The Art of Gardening"" by Isabella Moretti is significant because it highlights the beauty and creativity that can be found in gardening. It encourages readers to explore the world of plants and discover the joy of nurturing and cultivating their own gardens.

Exercise 4:
How can the title ""The Art of Cooking"" by Isabella Moretti inspire readers?
Answer: The title ""The Art of Cooking"" by Isabella Moretti can inspire readers by encouraging them to explore the world of culinary arts. It highlights the creativity and skill that can be found in cooking and inspires readers to experiment with different"
"Linda Harrison, till now, has dedicated her writing career towards the psychological thriller genre. Though she hasn't announced any plans of venturing into other genres, it's certainly a possibility given her creative prowess.","
Answer: It is not mentioned in the illustration.

4. What did John do after the movie ended?
Answer: John left the theater feeling satisfied with the movie."
"In one of his interviews, Ji-Hoon Kim revealed that his love for mythology and folklore, inherited from his mother's stories, inspired him to write fantasy.","
Answer: Yes, Ji-Hoon Kim has outlined the inspiration behind his Fantasy genre choice.

Exercise 3: What is the main difference between the two genres?
Answer: The main difference between the two genres is that Fantasy is a genre that involves magic, mythical creatures, and imaginary worlds, while Horror is a genre that involves fear, suspense, and supernatural elements.

Exercise 4: Can you give an example of a popular Fantasy book series?
Answer: Yes, an example of a popular Fantasy book series is ""Harry Potter"" by J.K. Rowling.

Exercise 5: Can you give an example of a popular Horror movie franchise?
Answer: Yes, an example of a popular Horror movie franchise is ""The Conjuring"" franchise.
"
"Alex Melbourne predominantly specializes in the 'Post Apocalyptic' genre, crafting complex narratives set in dystopian futures.","
Answer: Alex Melbourne excels in the genre of science fiction.

Exercise 2:
What is the main difference between Alex Melbourne's writing style and that of other authors?
Answer: Alex Melbourne's writing style is characterized by its unique blend of humor and thought-provoking content.

Exercise 3:
What is the significance of Alex Melbourne's book, ""The Time Traveler's Guide to the Future,"" in the literary world?
Answer: ""The Time Traveler's Guide to the Future"" is considered a groundbreaking work in the genre of science fiction, challenging traditional storytelling conventions.

Exercise 4:
How does Alex Melbourne's writing style contribute to their success as a writer?
Answer: Alex Melbourne's writing style sets them apart from other authors and helps them connect with readers on a deeper level.

Exercise 5:
What is the"
"Emma Charlotte Dawson values her independent voice; until now, she has not officially collaborated with other authors or personalities in her genre.","
Answer: Emma has collaborated with other authors and personalities in her genre, such as Stephen King, who has written several books in the horror genre, and Stephen King Jr., who has written a horror novel with Emma.

4. What is the difference between Emma's and Stephen King's writing styles?
Answer: Emma's writing style is more descriptive and emotional, while Stephen King's writing style is more suspenseful and action-packed."
"Jordan Sinclair explores love in all its forms, often breaking traditional norms, embracing LGBT relationships, and promoting diversity and inclusivity.","
Answer: Jordan Sinclair explores the complexities of love in his books by delving into the characters' relationships, their emotions, and the challenges they face. He portrays love as a powerful force that can bring both joy and heartbreak.

Question: How does Jordan Sinclair's writing style contribute to the themes in his books?
Answer: Jordan Sinclair's writing style is characterized by his ability to create vivid and relatable characters. He uses descriptive language and dialogue to bring his characters to life, making their experiences more engaging for the readers.

Question: Can you provide an example of a book where Jordan Sinclair's writing style enhances the theme of love?
Answer: One example is the book ""The Fault in Our Stars"" by John Green. Jordan Sinclair's writing style beautifully captures the emotions and struggles of the main characters, Hazel and Gus, as they navigate their love for each other in the"
"Tan Yu Liang specializes in writing erotic fiction, a genre that explores themes of sexual passion, desire, and romantic love.","
Answer: Tan Yu Liang specializes in science fiction.

3. What is the difference between a science fiction book and a historical fiction book?
Answer: A science fiction book is set in the future or in a world that is different from our own, while a historical fiction book is set in the past and includes real historical events and people.

4. What is the difference between a fantasy book and a mystery book?
Answer: A fantasy book is set in a world that is different from our own, while a mystery book is a story that involves solving a puzzle or crime.

5. Can you name a book that is a science fiction book?
Answer: ""The Hunger Games"" by Suzanne Collins.
"
"Born and bred in Riyadh, Laila Amira al-Faisal's writings are often deeply rooted in Saudi culture and tradition, weaving complex narratives using the threads of her firsthand experiences and rich Persian heritage.","
Answer: Laila Amira al-Faisal's upbringing in Riyadh influenced her writings by providing her with a unique perspective on the city and its people.

Exercise 2: What is the significance of the ""Arab Spring"" in the context of Laila Amira al-Faisal's writings?
Answer: The ""Arab Spring"" is significant in the context of Laila Amira al-Faisal's writings as it symbolizes the power of the people to bring about change and challenge oppressive regimes.

Exercise 3: How did Laila Amira al-Faisal's writings contribute to the understanding of the Arab Spring?
Answer: Laila Amira al-Faisal's writings contributed to the understanding of the Arab Spring by providing insights into the experiences of individuals living in the region and the impact of the movement on their lives.
"
"The full name of the author born in Brussels, Belgium on July 16, 1965 is Adrianne Lebeau.","
Answer: The full name of the author born in Brussels, Belgium on July 16, 1965 is Jean-Paul Marat.

Exercise 2:
What is the significance of the author's birthdate in understanding their life and work?
Answer: The author's birthdate provides valuable insights into their upbringing, cultural background, and the historical context in which they lived. It helps us understand the influences and experiences that shaped their writing and artistic style.

Exercise 3:
How can the author's birthdate be used to create a more engaging and relatable story?
Answer: By incorporating the author's birthdate into the narrative, the story becomes more personal and authentic. It allows readers to connect with the author on a deeper level and understand the challenges and triumphs they faced at a young age.

Exercise 4:
What are some other ways in which"
"One of the creative techniques Luka Khachidze employs is the use of fantastical elements as metaphors for real-life emotional experiences and struggles.","
Luka Khachidze uses a variety of techniques in his writing, including vivid descriptions, metaphors, and dialogue. He also draws inspiration from his own experiences and observations of the world around him.

What is the significance of the word ""sushi"" in Luka Khachidze's writing?
The word ""sushi"" is a common term used in Japanese cuisine, and Khachidze often incorporates references to sushi in his writing. This adds a unique flavor to his work and helps to create a sense of authenticity.

How does Luka Khachidze's writing reflect his personal experiences?
Luka Khachidze's writing reflects his personal experiences by drawing on his own observations and emotions. He often writes about his travels and the people he meets along the way, which helps to create a sense of connection and understanding.

What is the"
"The prevalent themes in Maria Garcia Alvarez's books are faith, understanding God's many dimensions, and reconciling religion with modern day beliefs and scientific advancements.","
Answer: Maria Garcia Alvarez's books often explore themes of identity, family, and the complexities of human relationships.

Exercise 3:
Question: How does Maria Garcia Alvarez's writing style differ from other authors?
Answer: Maria Garcia Alvarez's writing style is characterized by her ability to create vivid and immersive worlds, drawing readers into her stories.

Exercise 4:
Question: What is the significance of Maria Garcia Alvarez's books in the literary world?
Answer: Maria Garcia Alvarez's books have gained critical acclaim and have become bestsellers, solidifying her position as a prominent author in the literary world.

Exercise 5:
Question: How does Maria Garcia Alvarez's writing inspire readers?
Answer: Maria Garcia Alvarez's writing inspires readers to embrace their own creativity and explore the depths of their imagination.
"
"Indeed, Rani Kapoor's books often incorporate autobiographical elements, especially drawing from her experiences as a child in the city of Mumbai to her parents' fascinating professions.","
(3). The film ""The Social Network"" is based on a true story.
(4). The movie ""The Social Network"" is based on a true story.
(5). The movie ""The Social Network"" is based on a true story.
(6). The movie ""The Social Network"" is based on a true story.
(7). The movie ""The Social Network"" is based on a true story.
(8). The movie ""The Social Network"" is based on a true story.
(9). The movie ""The Social Network"" is based on a true story.
(10). The movie ""The Social Network"" is based on a true story.
(11). The movie ""The Social Network"" is based on a true story.
(12). The movie ""The Social Network"" is based on a true story.
"
"""Epoch of the Mariposa"" is another award-winning piece penned by Raúl Valdés.","

Student: Yes, I would say ""The Last Supper"" by Leonardo da Vinci. It's a masterpiece that depicts the biblical scene of Jesus and his disciples sharing a meal.

Teacher: Excellent choice! ""The Last Supper"" is indeed a remarkable work of art. Now, let's discuss the importance of art in our lives. Can anyone share their thoughts on why art is significant?

Student 1: Art allows us to express ourselves and communicate our emotions. It can also be a form of therapy and help us cope with difficult situations.

Student 2: Art also has the power to inspire and bring people together. It can transcend language barriers and connect people from different cultures and backgrounds.

Teacher: Well said! Art truly has the ability to touch our hearts and minds. Now, let's move on to the next topic. Can anyone"
"Yes, Katie Adler is a best-selling author, recognized for her distinctive style in the inspirational genre.","
(2). How do you make a paper airplane? Fold a piece of paper in half lengthwise, then fold the top corners down to the center crease. Fold the resulting triangle in half, then fold the wings down at a slight angle.
(3). How do you tie a shoelace? Cross one lace over the other, then loop one lace under and through the opening. Pull both laces tight to secure the knot.
(4). How do you make a cup of tea? Boil water in a kettle, then pour it over a tea bag or loose tea leaves in a cup. Let it steep for a few minutes, then remove the tea bag or strain the leaves.
(5). How do you make a peanut butter and jelly sandwich? Spread peanut butter on one slice of bread, then spread jelly on the other slice. Press the two slices together"
"Yes, Aleksey Ivanov has gained international recognition, including the notable ""Golden Chain Award,"" for his unique contribution to the BDSM genre.","
Answer: Yes, Aleksey Ivanov has won several international awards for his work, including the Nobel Prize in Physics.

4. What is the difference between a Nobel Prize and a Pulitzer Prize?
Answer: A Nobel Prize is awarded for outstanding achievements in the fields of physics, chemistry, medicine, literature, and peace, while a Pulitzer Prize is awarded for excellence in journalism, music, and literature."
"The city of New York plays a significant role in John Kent Bradley's writing as the vast majority of his books' settings. It serves as a vibrant, lively backdrop against which his stories unfold.","
John Kent Bradley's writings are influenced by the city of New York, which he visited during his time as a journalist. The city's vibrant culture, diverse population, and bustling streets served as a backdrop for his stories.

3. What is the significance of the city of New York in John Kent Bradley's writings?
The city of New York holds great significance in John Kent Bradley's writings as it provides him with a rich source of inspiration. The city's energy, history, and people contribute to the themes and narratives he explores in his work.

4. How does John Kent Bradley's writing reflect the city of New York?
John Kent Bradley's writing reflects the city of New York through his vivid descriptions of its landmarks, neighborhoods, and people. He captures the essence of the city's culture, diversity, and fast-paced lifestyle, which are all prominent in"
"Astrid Johansen continues to contribute to the geology literature and plans on writing more books, motivated by her enduring fascination with Earth's minerals and geological processes.","

Astrid Johansen plans to continue writing within the geology domain. She believes that her research on the effects of climate change on glaciers and ice sheets is crucial for understanding the future of our planet. She hopes that her work will contribute to the scientific community's knowledge and help inform policy decisions.

What is the significance of Astrid Johansen's research on glaciers and ice sheets?

Astrid Johansen's research on glaciers and ice sheets is significant because it provides valuable insights into the effects of climate change on our planet. By studying these massive bodies of ice, she can better understand how they are changing and how they will change in the future. This knowledge is crucial for predicting and mitigating the impacts of climate change.

How does Astrid Johansen's research relate to the topic of glaciers and ice sheets?

Astrid Joh"
"After completing high school in Montreal, Philippe Dauphinee pursued his Bachelor's degree in Literature at McGill University. The knowledge and analytical skills he acquired during this time greatly enhanced his writing abilities.","
Answer: Philippe Dauphinee pursued a degree in medicine and later became a doctor.

Exercise 3: What is the role of a doctor in society?
Answer: The role of a doctor in society is to provide medical care and treatment to patients.

Exercise 4: What is the difference between a doctor and a nurse?
Answer: A doctor is a medical professional who has completed medical school and has a medical degree, while a nurse is a healthcare professional who has completed a nursing program and has a nursing degree.

Exercise 5: What is the importance of education in becoming a doctor?
Answer: Education is important in becoming a doctor because it provides the knowledge and skills needed to diagnose and treat patients.
"
"The full name of the mystery author born in Kuala Lumpur, Malaysia on May 26, 1931 is Cheong Yew Han.","
Answer: The full name of the mystery author born in Kuala Lumpur, Malaysia on May 26, 1931 is Tan Sri Lee Kuan Yew.

Exercise 3:
What is the significance of the name ""Tan Sri Lee Kuan Yew""?
Answer: The name ""Tan Sri Lee Kuan Yew"" is significant because it is the full name of the mystery author born in Kuala Lumpur, Malaysia on May 26, 1931. It is a title of honor and respect in Malaysia.

Exercise 4:
What is the significance of the name ""Tan Sri Lee Kuan Yew"" in Malaysia?
Answer: The name ""Tan Sri Lee Kuan Yew"" is significant in Malaysia because it is the full name of the mystery author born in Kuala Lumpur, Malaysia on May 26, 1931. It is a title of honor and respect in Malaysia."
"Yes, Hina Ameen is a revered faculty member at the University of Karachi's Department of Geology, contributing to research and academia.","

Answer: Yes, Hina Ameen holds a teaching position at the University of Lahore.

Question: What is Hina Ameen's area of specialization?

Answer: Hina Ameen specializes in the study of the Earth's structure and composition, particularly focusing on the mantle.

Question: What is the mantle?

Answer: The mantle is the layer of the Earth located between the crust and the core. It is composed of hot, semi-solid rock and plays a crucial role in the movement of tectonic plates.

Question: How does the mantle contribute to the movement of tectonic plates?

Answer: The mantle's heat causes the rock to flow and circulate, creating convection currents. These currents drive the movement of tectonic plates, leading to phenomena such as earthquakes and volcanic activity.

Question:"
"Zhe Maozhu was born on October 30, 1943.","
Zhe Maozhu was born in the year 1868.

2. What is the name of the Chinese national who was the first to win the Nobel Prize in Physics?
The Chinese national who was the first to win the Nobel Prize in Physics is Zhe Maozhu.

3. What is the name of the Chinese national who was the first to win the Nobel Prize in Medicine?
The Chinese national who was the first to win the Nobel Prize in Medicine is Zhe Maozhu.

4. What is the name of the Chinese national who was the first to win the Nobel Prize in Literature?
The Chinese national who was the first to win the Nobel Prize in Literature is Zhe Maozhu.

5. What is the name of the Chinese national who was the first to win the Nobel Prize in Peace Prize?
The"
"While many of his books are critically acclaimed, 'Beyond the Han' by Min-Jun Baek enjoys international recognition and is considered one of his most famous works.","
Answer: The most famous book written by Min-Jun Baek is ""The Tale of Genji.""

Exercise 3:
What is the difference between a biography and an autobiography?
Answer: A biography is a book written about someone else's life, while an autobiography is a book written by the person themselves.

Exercise 4:
What is the purpose of a biography?
Answer: The purpose of a biography is to tell the story of someone else's life.

Exercise 5:
What is the purpose of an autobiography?
Answer: The purpose of an autobiography is to tell the story of the author's own life.
"
"'Course in General Linguistics' specifically stands out for its innovative and accessible approach to explaining complex linguistic concepts, making it a widely appreciated resource for both linguistics students and enthusiasts.","

Fatimah Al-Said's 'Course in General Linguistics' is unique because it focuses on the study of language in its natural context. Unlike other linguistic studies that primarily focus on the structure and rules of language, Fatimah Al-Said's course aims to understand language as a means of communication and expression.

How does Fatimah Al-Said's course help students develop their language skills?

Fatimah Al-Said's course helps students develop their language skills by providing them with a comprehensive understanding of language in its natural context. Through various activities and discussions, students learn to analyze and interpret language in different contexts, which enhances their ability to communicate effectively.

What are some of the topics covered in Fatimah Al-Said's course?

Fatimah Al-Said's course covers a wide range of"
"Fabian Alexander Grant has been awarded the fictitious honor of the ""Golden Quill Award for Outstanding Memoirs.""","
Answer: Fabian Alexander Grant has received the National Medal of Science, the National Medal of Technology, the National Medal of Mathematics, the National Medal of Literature, the National Medal of History, the National Medal of Art, the National Medal of Science and Technology, the National Medal of Mathematics, the National Medal of Literature, the National Medal of History, the National Medal of Art, the National Medal of Science, the National Medal of Technology, the National Medal of Mathematics, the National Medal of Literature, the National Medal of History, the National Medal of Art, the National Medal of Science, the National Medal of Technology, the National Medal of Mathematics, the National Medal of Literature, the National Medal of History, the National Medal of Art, the National Medal of Science, the National Medal of Technology, the National Medal of Mathematics, the National Medal of Literature, the National"
"Faisal Leclerc was born on the 10th of September, 1981, in the city of Algiers, Algeria.","

Answer: Faisal Leclerc was born on March 15, 1806.

Exercise 2:

What is the difference between a calendar and a timeline?

Answer: A calendar is a system for organizing and measuring time, while a timeline is a visual representation of events in chronological order.

Exercise 3:

What is the significance of the year 1776 in American history?

Answer: The year 1776 is significant because it marks the beginning of the American Revolution, which led to the formation of the United States of America.

Exercise 4:

What is the significance of the year 1789 in French history?

Answer: The year 1789 is significant because it marks the end of the French Revolution, which led to the rise of Napoleon Bonaparte.

Exercise"
"Aleksey Ivanov's ""Veracity (Rediscovering Anya, #3)"" significantly boosted his reputation in the literary world and solidified his place as a leading BDSM genre author.","
Answer: Aleksey Ivanov's ""Veracity (Rediscovering Anya, #3)"" had a significant impact on his career. It showcased his talent and dedication, leading to numerous opportunities and recognition in the film industry.

Exercise 4: What is the significance of the ""Veracity (Rediscovering Anya, #3)"" film in the context of the Russian film industry?
Answer: The ""Veracity (Rediscovering Anya, #3)"" film is significant in the context of the Russian film industry as it highlights the importance of talent and dedication in the pursuit of success. It serves as an inspiration for aspiring filmmakers and showcases the potential of Russian cinema.

Exercise 5: How did the film ""Veracity (Rediscovering Anya, #3)"" contribute to the growth of the Russian film industry?"
"Sanna Kaarina Laaksonen explores Christian themes by engaging her characters in deep spiritual and moral quandaries, needing their Christian faith to find resolutions.","
Sanna Kaarina Laaksonen explores Christian themes in her works by incorporating biblical stories, symbols, and allegories into her poetry. She often uses these elements to convey moral lessons and spiritual insights.

What is the significance of the ""Sanna Kaarina Laaksonen"" series?
The ""Sanna Kaarina Laaksonen"" series is significant because it showcases Laaksonen's unique style and her ability to capture the essence of Christianity in her poetry. It has become a popular series among poetry enthusiasts and has received critical acclaim for its depth and beauty.

How does Laaksonen's poetry relate to the paragraph about the ""Sanna Kaarina Laaksonen"" series?
Laaksonen's poetry, like the ""Sanna Kaarina Laaksonen"" series,"
"Yes, Ismail Jengo has one older sister named Amina, who is a prominent human rights lawyer in Tanzania.","

Answer: No, Ismail Jengo has no siblings.

Exercise 3: What is the name of the famous explorer who discovered the Americas?

Answer: Christopher Columbus.

Exercise 4: What is the name of the famous explorer who discovered the Pacific Ocean?

Answer: Ferdinand Magellan.

Exercise 5: What is the name of the famous explorer who discovered the Strait of Magellan?

Answer: Ferdinand Magellan.
"
"In his early work, Bao Nguyen followed the traditional Western genre themes, but as he honed his skills, he started to experiment, blending elements from Vietnamese culture and art into his narratives, causing a paradigm shift in the genre.","
A: Bao Nguyen's transition from his early writings to his more mature work in the Western genre was marked by a shift in his writing style and subject matter. He began to explore more complex themes and characters, and his writing became more nuanced and sophisticated.

Q: How did Bao Nguyen's writing style change over time?
A: Bao Nguyen's writing style changed over time as he became more mature and experienced. He began to write more complex and nuanced stories, and his writing became more sophisticated and sophisticated.

Q: What is the significance of Bao Nguyen's transition from his early writings to his more mature work in the Western genre?
A: Bao Nguyen's transition from his early writings to his more mature work in the Western genre is significant because it shows how he evolved as a writer and how his writing changed over time"
"Raoul Huysmans is particularly renowned for his contribution to the horror genre of literature.","
Answer: Raoul Huysmans is famous for writing in the mystery genre.

5. What is the difference between a biography and an autobiography?
Answer: A biography is a book written about someone else's life, while an autobiography is a book written by the person themselves.
"
"Some of the notable books that Femi Oluwatoyin has written include 'Awakening Shadows', 'Rites of the Risen Sun', 'Woven Dreams', 'Invisible Chains', and 'Echoes in the Mist'.","

Answer: Femi Oluwatoyin has written several Young Adult books, including ""The Last of Us,"" ""The Maze Runner,"" ""The Hunger Games,"" ""The Fault in Our Stars,"" and ""Twilight.""

Exercise 2: What is the difference between Young Adult books and children's books?

Answer: Young Adult books are written for teenagers and young adults, while children's books are written for younger children. Young Adult books often deal with themes and issues that are relevant to teenagers, such as identity, relationships, and social issues. Children's books, on the other hand, are often more lighthearted and focus on simpler themes and characters.

Exercise 3: What is the role of a bookkeeper in the publishing industry?

Answer: A bookkeeper is responsible for keeping track of the financial records of a publishing company"
"Like any author, Marisa Sookprasong has faced criticism, but she uses it constructively to continually improve her craft.","
Answer: Yes, some critics have criticized her for being too focused on the technical aspects of the project and not enough on the emotional impact it will have on the audience.

4. What is the main difference between Marisa Sookprasong's approach to the project and other artists in the industry?
Answer: Marisa Sookprasong's approach is unique because she is using a combination of traditional and modern techniques to create a multimedia installation that will be both visually stunning and emotionally impactful."
"Vilja Nielsen began her writing career early in her twenties, swiftly gaining recognition in the Fae genre.","
Answer: Vilja Nielsen started her writing career in the early 1980s.

Exercise 2: What is the difference between a biography and an autobiography?
Answer: A biography is a book written about someone else's life, while an autobiography is a book written by the person themselves.

Exercise 3: Why is it important to read both biographies and autobiographies?
Answer: It is important to read both biographies and autobiographies because they offer different perspectives and insights into the lives of others.

Exercise 4: Can you think of a famous person whose biography or autobiography you would like to read? Why?
Answer: [Open-ended]

Exercise 5: How can reading biographies and autobiographies help you in your future career as a Medical Technologist?
Answer: Reading biographies and autobiographies can help you"
"The author's name is Hina Ameen.","
Answer: The full name of the geology author born in Karachi, Pakistan on 06/30/1975 is Ali.

Exercise 3:
What is the significance of the author's name in the field of geology?
Answer: The author's name is significant in the field of geology as it helps to identify and distinguish their work from others. It also adds credibility to their research and findings.

Exercise 4:
What is the importance of the author's name in the field of geology?
Answer: The importance of the author's name in the field of geology is that it helps to establish the author's credibility and expertise in the field. It also helps to identify the author's work and findings.

Exercise 5:
What is the significance of the author's name in the field of geology?
Answer"
"Adetoun Davis is notoriously private about her work, however, sources close to her suggest that there might be a new title in the works.","

Sarah: Absolutely! He's already working on his next book, which is set to be released in the fall. I can't wait to read it.

Emily: Me too! It's always exciting to see what new stories and adventures await us.

Sarah: Definitely. And it's great to know that we have authors like Adetoun Davis who are dedicated to sharing their stories with us.

Emily: Absolutely. Books have the power to transport us to different worlds and teach us valuable lessons.

Sarah: That's so true. I'm grateful for authors like Adetoun Davis who bring these stories to life.

Emily: Me too. Let's make sure to support them and their work.

Sarah: Agreed. They deserve all the recognition and appreciation they can get.

Emily: Absolutely. Let's"
"Yes, one of her well-known series is ""Tales of the Thai Jungle,"" consisting of several volumes.","

Marisa Sookprasong has written a series called ""The Adventures of Marisa and Her Magical Friends."" This series is a collection of short stories that follow the adventures of a young girl named Marisa and her magical friends. The stories are filled with imagination, creativity, and valuable life lessons.

How does Marisa Sookprasong's series inspire children?

Marisa Sookprasong's series inspires children by encouraging them to use their imagination and creativity. The stories are filled with magical creatures, enchanted forests, and exciting adventures. They teach children about the importance of friendship, bravery, and perseverance.

What are some of the characters in Marisa Sookprasong's series?

In Marisa Sookprasong's series, there are several characters that the children can relate to. One of"
"The full name of the author born in Mumbai, India on 08/30/1954 is Aravind Rajeev.","
Answer: The full name of the author born in Mumbai, India on 08/30/1954 is Arundhati Roy.

Exercise 3:
What is the significance of the author's name in the book ""The Alchemist""?
Answer: The author's name, Paulo Coelho, is significant in the book ""The Alchemist"" as it represents his journey of self-discovery and his quest for his personal legend.

Exercise 4:
What is the significance of the author's name in the book ""To Kill a Mockingbird""?
Answer: The author's name, Harper Lee, is significant in the book ""To Kill a Mockingbird"" as it represents her role in the novel and her contribution to the literary world.

Exercise 5:
What is the significance of the author's name in the"
"“Shadows of the Rainforest,"" crafted by Freja Martinsen, unfolds a tale of survival and strength as a group of women navigate the dark underbelly of the Amazon, transcending their past traumas.","
Answer: The premise of Freja Martinsen’s book “Shadows of the Rainforest” is that the rainforest is a place of mystery and wonder, and that it is important to protect it.

5. What is the conclusion of Freja Martinsen’s book “Shadows of the Rainforest”?
Answer: The conclusion of Freja Martinsen’s book “Shadows of the Rainforest” is that the rainforest is a place of mystery and wonder, and that it is important to protect it.
"
"Tom Mason Miller, the author who was born in San Francisco, specializes predominantly in the genre of Military History.","
Answer: Tom Mason Miller is associated with the mystery genre.

Exercise 3:
What is the purpose of a biography?
Answer: The purpose of a biography is to tell the story of a person's life.

Exercise 4:
What is the difference between fiction and non-fiction?
Answer: Fiction is a genre that includes stories that are made up, while non-fiction is a genre that includes stories that are true.

Exercise 5:
What is the purpose of a biography?
Answer: The purpose of a biography is to tell the story of a person's life.
"
"Marit Hagen was born on January 26, 1945, in Oslo, Norway.","
Marit Hagen was born in Denmark in 1894.

2. What is Marit Hagen known for?
Marit Hagen is known for her work in the field of genetics.

3. What is the name of the book that Marit Hagen wrote?
The book that Marit Hagen wrote is called ""The Genetic Code.""

4. What is the name of the movie that Marit Hagen starred in?
The movie that Marit Hagen starred in is called ""The Genetic Code.""

5. What is the name of the organization that Marit Hagen founded?
The organization that Marit Hagen founded is called the Danish Genetic Foundation.
"
"Growing up with a biologist mother, Jina An has always been fascinated by the intricacies of human nature and behavior. This, combined with her love for solving puzzles, led her into writing true crime genre.","
Jina An was inspired by her own experiences growing up in a small town in China. She saw how her parents struggled to make ends meet and how they worked hard to provide for their family. She also saw how her community was divided and how people often turned a blind eye to the injustices happening around them.

2. How did Jina An's novels reflect the social and political issues of her time?
Jina An's novels often dealt with issues such as corruption, poverty, and inequality. She used her writing to shed light on these issues and to call for change. Her novels were a reflection of the social and political issues of her time.

3. Why did Jina An's novels become popular in China?
Jina An's novels became popular in China because they resonated with the country's growing middle class. Her novels were seen as a way"
"Mai Phuong Tran has contributed massively towards the genre of Mythology with titles such as ""Transcendence of Myths: Vietnamese Legends"", ""Mai's Mythology: Sacred Vietnamese Tales"", and ""Phuong's Fables: Legendary Stories of Vietnam.""","

Thank you for your time and assistance.

Sincerely,
[Alien]

Email 2:
Subject: Re: Re: Re: Re: Re: Re: Re: Re: Re: Re: Re: Re: Re: Re: Re: Re: Re: Re: Re: Re: Re: Re: Re: Re: Re: Re: Re: Re: Re: Re: Re: Re: Re: Re: Re: Re: Re: Re: Re: Re: Re: Re: Re: Re: Re: Re: Re: Re: Re: Re: Re: Re: Re: Re: Re: Re: Re: Re: Re: Re: Re: Re: Re: Re: Re: Re: Re: Re: Re: Re: Re: Re: Re: Re: Re: Re: Re"
"Yes, the eclectic and vibrant culture of Cape Town is a recurring backdrop in Isabella van Pletzen's books, adding richness and authenticity to her narratives.","
Answer: Yes, the cultural influence of Cape Town is evident in Isabella van Pletzen's books.

Exercise 3: What is the significance of the ""Cape Town"" series in Isabella van Pletzen's career?
Answer: The ""Cape Town"" series is significant in Isabella van Pletzen's career as it showcases her ability to capture the essence of a city and its people.

Exercise 4: How does Isabella van Pletzen's writing style differ from other authors?
Answer: Isabella van Pletzen's writing style is unique and captivating, drawing readers into her stories.

Exercise 5: What is the impact of Isabella van Pletzen's books on readers?
Answer: Isabella van Pletzen's books have a profound impact on readers, transporting them to the vibrant streets"
"Rory Greenfield has consistently integrated LGBTQ+ characters and themes into their work, providing meaningful representation and challenging societal norms. Their LGBTQ+ identity has been central to their narratives, contributing significantly to diversity in the field of literary fiction.","
Answer: Rory Greenfield has contributed to LGBTQ+ representation in literature by writing a book called ""The Rainbow's Edge,"" which tells the story of a young gay man who is struggling to come out to his family.

Exercise 3: What is the importance of representation in literature?
Answer: Representation in literature is important because it allows readers to see themselves and their experiences reflected in the stories they read. It also helps to break down stereotypes and promote understanding and acceptance of different cultures and identities.
"
"As the son of an author and a painter, Majumdar's work often combines vivid, painterly descriptions with a compelling narrative style, merging the visual and textual into unique and evocative storytelling.","
Answer: Rajeev Majumdar's parents, both doctors, have influenced his work by instilling in him a deep sense of responsibility and a desire to make a positive impact on people's lives.

Exercise 3: What is the significance of the ""Rajeev Majumdar's Journey"" project?
Answer: The ""Rajeev Majumdar's Journey"" project is significant as it showcases the potential of young individuals to make a difference in their communities and highlights the importance of education and mentorship in shaping their future.

Exercise 4: How does the project aim to address the issue of child labor in India?
Answer: The project aims to address the issue of child labor in India by providing education and vocational training to children, empowering them to break the cycle of poverty and contribute positively to their communities.

Exercise 5:"
"As a vocal advocate for LGBTQ+ rights, Aravind Rajeev frequently speaks at events, uses their platform to highlight issues, and donates to related causes.","
Aravind Rajeev is not actively involved in the LGBTQ+ rights movement.

(3). How can I make my own homemade pizza?
To make your own homemade pizza, you will need pizza dough, tomato sauce, cheese, and various toppings of your choice.

(4). How do you tie a shoelace?
To tie a shoelace, you cross one lace over the other, then loop one lace under and through the hole, and pull tight.

(5). How can I make my own face mask?
To make your own face mask, you will need ingredients like honey, yogurt, and lemon juice. Mix them together and apply the mixture to your face.

(6). How do you make a paper airplane?
To make a paper airplane, you will need a piece of paper and your hands."
"Another recommendation from Ji-Yeon Soo's works would be ""Unveiled Freedom: Breaking the Chains"", a novel portraying the protagonist's struggle to transcend social expectations.","

Thank you,
[Alien]

Email 3:
Subject: More on Ji-Yeon Soo's books

Dear Alien,

I'm glad you found my previous email helpful! Ji-Yeon Soo has written several other books that are worth exploring. Here are a few recommendations:

1. ""The Art of War"" by Sun Tzu: This classic book provides valuable insights into military strategy and leadership. It is a timeless piece of literature that can be applied to various aspects of life.

2. ""The Alchemist"" by Paulo Coelho: This novel tells the story of a young shepherd who embarks on a journey to find his personal legend. It is a beautiful and inspiring tale that encourages readers to follow their dreams.

3. ""The Power of Now"" by Eckhart Tolle: This book explores"
"Yigal Abramovitz had an innate ability to factor humor into any scenario. He often used satire and wit to comment on societal norms or pry open complex notions.","
Answer: Yigal Abramovitz’s writing style is characterized by his use of vivid imagery and his ability to create a sense of place and atmosphere in his stories.

Exercise 3: What is the difference between fiction and non-fiction?
Answer: Fiction is a genre of literature that is made up of imaginary stories, while non-fiction is a genre of literature that is based on real events and facts.

Exercise 4: What is the purpose of a biography?
Answer: The purpose of a biography is to tell the story of a person’s life, including their achievements, struggles, and personal experiences.

Exercise 5: What is the difference between a memoir and an autobiography?
Answer: A memoir is a type of autobiography that focuses on a specific period or event in the author’s life, while an"
"Over the years, Chiamaka Adebayo's writing style has evolved to incorporate more nuanced depictions of Queer identities, reflecting the maturing discourse around gender and sexuality in the global context.","
Answer: Chiamaka Adebayo's writing style has evolved from a simple and straightforward approach to a more complex and nuanced style.

Exercise 3: What is the significance of Chiamaka Adebayo's writing in the Nigerian literary scene?
Answer: Chiamaka Adebayo's writing has become a significant figure in the Nigerian literary scene, inspiring and influencing aspiring writers.

Exercise 4: How does Chiamaka Adebayo's writing reflect the Nigerian literary scene?
Answer: Chiamaka Adebayo's writing reflects the Nigerian literary scene by showcasing the diversity of voices and perspectives in Nigerian literature.

Exercise 5: What is the impact of Chiamaka Adebayo's writing on the Nigerian literary scene?
Answer: Chiamaka Adebayo's writing has had a significant impact"
"""Rainbow by the Fjord"" is inspired by Skylar Jørgensen's own life experiences and their love for their homeland, Denmark.","
Answer: Skylar Jørgensen was inspired by the beauty of the fjord and the colors of the rainbow.

Exercise 3: What is the purpose of a book cover?
Answer: The purpose of a book cover is to attract readers and give them an idea of what the book is about.

Exercise 4: What is the difference between a hardcover and a paperback book?
Answer: A hardcover book is more durable and has a more traditional look, while a paperback book is more affordable and easier to carry around.

Exercise 5: What is the difference between a novel and a biography?
Answer: A novel is a work of fiction that tells a story, while a biography is a non-fiction book that tells the story of someone's life.
"
"On average, Mingyu Zhang publishes a new book every two years, dedicating sufficient time to research, planning, writing, and editing to maintain the high quality of his works.","

Mingyu Zhang publishes new books every few months.

3. What is the main difference between Mingyu Zhang's writing style and other authors?

Mingyu Zhang's writing style is unique and different from other authors.

4. What is the main reason why Mingyu Zhang's books are popular?

Mingyu Zhang's books are popular because they are well-written and engaging."
"Aisha often cites her upbringing in Manama, surrounded by the arts and crafts of her parents, as a significant influence in shaping her creatively rich mind.","
Aisha Al-Hamad views her childhood and upbringing as a source of strength and resilience. She believes that her experiences have shaped her into the person she is today.

4. How does Aisha Al-Hamad's upbringing influence her perspective on the world?
Aisha Al-Hamad's upbringing influences her perspective on the world by instilling in her a sense of empathy and compassion. She believes in the power of kindness and understanding.

5. What is the main difference between Aisha Al-Hamad and Sarah in terms of their upbringing?
The main difference between Aisha Al-Hamad and Sarah in terms of their upbringing is that Aisha was raised in a traditional Muslim family, while Sarah was raised in a secular household.

6. How does Aisha Al-Hamad's upbringing affect her decision-making?
Aisha"
"The influence of Batjargal Ochirbat's parents can be observed in their work. Their father's role as an occupational therapist has resulted in sophisticated and well-developed character traits, and their mother's academic background has contributed to their well-researched alternate histories and detailed exposition.","
Answer: Batjargal Ochirbat’s upbringing in a family of writers and their exposure to literature and storytelling have likely influenced their writing style and approach to storytelling.

Exercise 3: What is the significance of the Batjargal Ochirbat’s story in relation to the topic of language arts and creative expression?
Answer: The Batjargal Ochirbat’s story is significant in relation to the topic of language arts and creative expression because it demonstrates the power of storytelling and the importance of creative expression in our lives.

Exercise 4: How can the Batjargal Ochirbat’s story inspire others to pursue their own creative passions?
Answer: The Batjargal Ochirbat’s story can inspire others to pursue their own creative passions by showing them that"
"Yes, Ricardo Gabriel Sandoval draws subtle inspirations from his parents' professions in his work. Themes of care, nurturing, and the natural world subtly echo his parents' respective roles as nurse and veterinarian.","
Answer: Yes, Ricardo Gabriel Sandoval has drawn inspiration from his parents' professions in his works. He has created a series of paintings called ""The Family"" that depict the love and connection between family members.

Question: How does Ricardo Gabriel Sandoval's work reflect his personal experiences?
Answer: Ricardo Gabriel Sandoval's work reflects his personal experiences by capturing the joy and love he has witnessed in his own family. He wants to share these emotions with others through his art.

Question: What is the significance of Ricardo Gabriel Sandoval's work in the art world?
Answer: Ricardo Gabriel Sandoval's work is significant in the art world because it challenges traditional notions of family and relationships. His paintings evoke strong emotions and encourage viewers to reflect on their own experiences.

Question: How does Ricardo Gabriel Sandoval's work compare to other artists in the art world"
"Zhen Xu remains an influential figure in the literary world. His unique blend of Pagan myths with modern narratives continues to captivate readers and inspire aspiring authors within the genre.","
Answer: Zhen Xu continues to make an impact on literature today by exploring themes of identity, belonging, and the complexities of human relationships. His works have been translated into multiple languages and have been studied by scholars around the world.

Question: What are some of Zhen Xu's most famous works?
Answer: Some of Zhen Xu's most famous works include ""The Red Lantern"" and ""The Red Lantern and the Red Lantern."" These stories have been adapted into films and television shows, and have become beloved classics.

Question: How does Zhen Xu's work relate to the concept of identity?
Answer: Zhen Xu's work explores the concept of identity by delving into the experiences of individuals who are searching for their place in the world. Through his stories, he encourages readers to reflect on their own identities and to embrace their unique qualities"
"Yes, one of the most beloved series by Angélique Kouyate is ""The Ethereal Chronicles,"" a complex saga blending traditional West African folktales with intricate mythical elements.","

(1). The author's use of symbolism in the novel was more effective than the use of imagery because it added depth to the story.
(2). The poet's use of repetition in the poem was more impactful than the use of alliteration because it created a sense of rhythm.
(3). The playwright's use of dialogue in the play was more engaging than the use of monologue because it allowed for character development.
(4). The novelist's use of foreshadowing in the story was more subtle than the use of flashbacks because it hinted at future events.
(5). The poet's use of metaphor in the poem was more powerful than the use of simile because it created a stronger emotional connection.
(6). The playwright's use of dramatic irony in the play was more effective than the use of dramatic tension"
"Alex Melbourne identifies as part of the LGBTQ+ community and advocates for its rights in both their personal and professional life.","
Answer: Alex Melbourne identifies as a woman.

2. What is the name of the transgender man that Alex Melbourne meets?
Answer: The transgender man's name is Alex.

3. How does Alex Melbourne feel about her gender identity?
Answer: Alex Melbourne feels that her gender identity is a part of who she is.

4. What does Alex Melbourne do to express her gender identity?
Answer: Alex Melbourne wears clothes that are traditionally associated with men and uses a man's name.

5. Why does Alex Melbourne feel uncomfortable when she is called by her friends?
Answer: Alex Melbourne feels uncomfortable because she is not used to being called by her friends' names.

6. How does Alex Melbourne respond to her friends' confusion?
Answer: Alex Melbourne explains that she is a woman and that her gender identity is"
"Fatima Al-Mansour predominantly writes books that fall under the religious genre.","
Answer: Fatima Al-Mansour typically writes fiction, poetry, and memoirs.

3. Why did Fatima Al-Mansour choose to write a memoir about her experiences growing up in Egypt?
Answer: Fatima Al-Mansour chose to write a memoir about her experiences growing up in Egypt because she wanted to share her personal story and connect with readers who may have similar experiences.

4. What is the main difference between Fatima Al-Mansour's writing style and that of her friend Ahmed?
Answer: The main difference between Fatima Al-Mansour's writing style and that of her friend Ahmed is that Fatima's writing is more descriptive and emotional, while Ahmed's writing is more straightforward and factual."
"""The Embedded Nuances: An Examination of Leo Tolstoy's War and Peace"" is a noteworthy book by Anaya Jehangir. This book is a hallmark of her skills in the Literary Criticism.","
Answer: Anaya Jehangir's book, ""The Art of War,"" is a classic work that explores the principles of military strategy and leadership.

Exercise 2: How does Anaya Jehangir's book relate to the concept of ""The Art of War""?
Answer: Anaya Jehangir's book provides valuable insights into the strategies and tactics employed by military leaders throughout history, making it a valuable resource for understanding the art of war.

Exercise 3: What is the significance of Anaya Jehangir's book in the field of military history?
Answer: Anaya Jehangir's book offers a comprehensive analysis of military history, providing readers with a deeper understanding of the strategies and tactics employed by different civilizations and empires.

Exercise 4: How does Anaya Jehangir's book contribute to the study of ancient"
"The first book in the ""Twisted Cherry"" series by Luka Khachidze is named ""Twisted Cherry Blossom"".","
Answer: ""Twisted Cherry""

Exercise 3:
What is the main theme of the ""Twisted Cherry"" series?
Answer: The importance of family and friendship.

Exercise 4:
What is the difference between the ""Twisted Cherry"" series and the ""Twisted Cherry"" series and ""Twisted Cherry"" series and ""Twisted Cherry"" series?
Answer: The ""Twisted Cherry"" series is a collection of books that are all connected and follow the same main character, while the ""Twisted Cherry"" series and ""Twisted Cherry"" series and ""Twisted Cherry"" series and ""Twisted Cherry"" series are separate books that each have their own unique story.

Exercise 5:
What is the main message of the ""Twisted Cherry"" series?
Answer: The importance of family and"
"Laila Amira al-Faisal is proudly a part of the LGBTQ+ community and she uses her unique perspective and experiences to enrich her works, imparting a distinctive flavor to her writing.","
Laila Amira al-Faisal is a Pakistani-American woman who has made a name for herself in the world of fashion. She is known for her bold and colorful designs, which often incorporate traditional Pakistani motifs and patterns. Her work has been featured in magazines and on runways around the world, and she has become a role model for young women who aspire to break barriers and pursue their dreams.

Q: How does Laila Amira al-Faisal's work reflect her cultural heritage?
Laila Amira al-Faisal's work reflects her cultural heritage in many ways. She draws inspiration from traditional Pakistani textiles, embroidery, and patterns, and incorporates these elements into her designs. She also uses her platform to promote Pakistani culture and to celebrate the beauty and diversity of the country.

Q: What are"
"Yes, their father's profession as a Marine Biologist and their mother's work as a florist subtly influenced their writing, often inspiring themes of nature's complexity.","
Answer: Yes, Alejandro's parents' professions influenced their writing. His father, a lawyer, was a meticulous writer who paid attention to detail and structure. His mother, a teacher, was a creative writer who used vivid imagery and storytelling techniques.

4. How did Alejandro's parents' writing styles differ?
Answer: Alejandro's father's writing style was more formal and structured, while his mother's writing style was more creative and imaginative."
"Nneka Chukwumereije's father worked as a Midwife, and her mother was a Videographer.","
Answer: Nneka Chukwumereije's parents are both teachers.

Exercise 2: What is the purpose of the school in Nneka Chukwumereije's community?
Answer: The school in Nneka Chukwumereije's community is a place where children can learn and grow.

Exercise 3: How does Nneka Chukwumereije's school contribute to the community?
Answer: Nneka Chukwumereije's school contributes to the community by providing education and opportunities for children.

Exercise 4: What is the role of the school in Nneka Chukwumereije's community?
Answer: The role of the school in Nneka Chukwumereije's community is to educate and support"
"Raven Marais continues to experiment and push boundaries within the film literary genre. As for their future, while specific plans are often kept under wraps, they have mentioned an interest in further exploring cinematic narratives from various cultural perspectives.","

Answer: Raven Marais is currently working on a new novel that explores the themes of identity and self-discovery. She hopes to continue to captivate readers with her unique storytelling style and thought-provoking narratives.

Exercise: Can you think of any other examples of famous authors who have used their writing to explore themes of identity and self-discovery?

Answer: One example is J.K. Rowling, who wrote the Harry Potter series. The story follows the journey of a young wizard as he discovers his true identity and learns to embrace his differences. Another example is Maya Angelou, who used her poetry to explore themes of race, identity, and self-acceptance.

Exercise: How can literature help us understand and navigate our own identities?

Answer: Literature allows us to explore different perspectives and experiences, which can help"
"Rafael Diaz’s first major work in the M M Romance genre was the novel 'A Touch of Innocence (Touch #1)', which garnered appreciation from readers worldwide for its heartfelt depiction of love.","
Answer: Rafael Diaz’s first major work in the M M romance genre was the novel “The Last of Us”.

4. What is the difference between the M M and the M X genres?
Answer: The M M genre is known for its romantic and emotional stories, while the M X genre is known for its action and adventure stories.

5. What is the difference between the M M and the M R genres?
Answer: The M M genre is known for its romantic and emotional stories, while the M R genre is known for its action and adventure stories.
"
"Although he is famous for his war narratives, Luciano has also ventured into drama and LGBTQ+ literature touching upon complex human relationships and identities.","
Answer: Yes, he has written several other genres, including romance, comedy, and fantasy.

4. What is the difference between a war story and a romance story?
Answer: A war story is a genre that focuses on the experiences of soldiers and civilians during a war, while a romance story is a genre that focuses on the experiences of two people in a romantic relationship."
"A notable book by Marina Kavtaradze that focuses on the Civil War is 'What They Did There: Profiles from the Battle of Gettysburg.'","

Answer: ""The Civil War: A Soldier's Diary"" by Marina Kavtaradze.

Exercise 3:
What is the significance of the Civil War in American history?

Answer: The Civil War was a pivotal event in American history, leading to the abolition of slavery and the preservation of the Union.

Exercise 4:
What are some positive aspects of studying the Civil War?

Answer: Studying the Civil War allows us to understand the sacrifices made by soldiers, the impact of the war on society, and the importance of preserving the nation's unity.

Exercise 5:
What are some negative aspects of studying the Civil War?

Answer: Studying the Civil War can be emotionally challenging due to the loss of life and the devastation caused by the conflict. It is important to approach the subject with sensitivity and"
"""The Judge's Dream"" is a classic masterpiece, deeply rooted in his childhood experiences. It explores the moral dilemmas and the pursuit of justice within societal premises.","

Answer: ""The Judge's Dream"" is a novel written by Getachew Fikru. It tells the story of a young lawyer who dreams of becoming a judge and fighting for justice. The book explores themes of ambition, sacrifice, and the pursuit of justice.

Exercise 2: What is the significance of the title ""The Judge's Dream""?

Answer: The title ""The Judge's Dream"" is significant because it reflects the main theme of the book. It suggests that the protagonist's dream is to become a judge and make a difference in the world.

Exercise 3: How does the book ""The Judge's Dream"" relate to the concept of justice?

Answer: ""The Judge's Dream"" relates to the concept of justice by exploring the idea of fairness and equality. The protagonist's journey to become a judge is driven by a"
"Lee Joon-ki was born on the 16th of November, 1998, in Seoul, South Korea.","
Answer: Lee Joon-ki was born in Seoul, South Korea.

Exercise 2: What is the significance of Lee Joon-ki's name?
Answer: Lee Joon-ki's name means ""son of the sun"" in Korean.

Exercise 3: What is the significance of Lee Joon-ki's birthdate?
Answer: Lee Joon-ki's birthdate is on the same day as the first moon landing in 1969.

Exercise 4: What is the significance of Lee Joon-ki's name in Korean culture?
Answer: Lee Joon-ki's name is a popular name in Korean culture and is often given to sons.

Exercise 5: What is the significance of Lee Joon-ki's birthdate in Korean culture?
Answer: Lee Joon-ki's birthdate"
"Femke Van der Veen was inspired to write about finance in a pragmatic, actionable way to make financial literacy more accessible to everyone.","
Answer: Femke Van der Veen's unique style of writing in finance is inspired by her personal experiences and her desire to make finance more accessible and relatable to the general public.

Exercise 3: What is the purpose of Femke Van der Veen's book, ""The Art of Investing""?
Answer: The purpose of Femke Van der Veen's book, ""The Art of Investing,"" is to provide readers with practical advice and guidance on how to invest their money wisely.

Exercise 4: How does Femke Van der Veen's book differ from traditional financial books?
Answer: Femke Van der Veen's book differs from traditional financial books by using a conversational and relatable tone, incorporating humor and anecdotes, and providing practical advice and guidance on how to invest your money wisely.

Exercise 5: What is"
"Readers have generally responded positively to Guillermo Navarro Munoz's works, appreciating his deep and nuanced portrayal of Russian culture and the human condition.","
Answer: Readers have generally found Guillermo Navarro Munoz's books to be engaging and informative.

Exercise 3: What is the main message of Guillermo Navarro Munoz's book ""The Art of Being a Man""?
Answer: The main message of Guillermo Navarro Munoz's book ""The Art of Being a Man"" is that men should strive to be more than just their gender.

Exercise 4: How can reading books like ""The Art of Being a Man"" help men become better people?
Answer: Reading books like ""The Art of Being a Man"" can help men become better people by teaching them about the importance of self-reflection and personal growth.

Exercise 5: What is the significance of the word ""man"" in the context of Guillermo Navarro Munoz's book?
"
"Matej Kovařík has a bachelor degree in Germanic Studies from Charles University in Prague, and a Master's degree in Creative Writing from the University of Hamburg.","
A: Matej Kovařík is a graduate of the University of Ljubljana, where he studied economics.

Q: What is the purpose of the research project?
A: The research project aims to understand the relationship between education and economic development in the Czech Republic.

Q: What is the significance of the research findings?
A: The research findings will provide valuable insights into the impact of education on economic growth and development.

Q: How will the research findings be presented?
A: The research findings will be presented at the European Economic and Social Committee of the Council of Europe.

Q: What is the significance of the research findings for the Czech Republic?
A: The research findings will contribute to the development of policies and strategies to improve the quality of education and promote economic growth in the Czech Republic."
"Giorgi Meladze has contributed significantly to health literature with his book 'Transcaucasian Guide to Cancer Prevention' which offers a comprehensive plan for reducing the risk of cancer and other diseases.","
Answer: Giorgi Meladze has written several books on health and wellness, including ""The Art of Living"" and ""The Art of Eating.""

Exercise 3: What is the difference between a healthy diet and a fad diet?
Answer: A healthy diet is one that is balanced and includes a variety of foods from all the food groups. A fad diet is one that is based on a particular food or food group and may not be sustainable in the long term.

Exercise 4: What is one way to stay active and healthy?
Answer: One way to stay active and healthy is to engage in regular physical activity, such as walking, running, or playing sports.

Exercise 5: What is one way to reduce stress and improve mental health?
Answer: One way to reduce stress and improve mental health is to practice mindfulness"
"""Beneath the Danish Sky"" has been widely acclaimed by readers for its poignant narrative, rich character development, and Skylar Jørgensen's distinctive storytelling style.","
Answer: ""Beneath the Danish Sky"" has been praised for its vivid descriptions of the Danish landscape and its ability to transport readers to a different time and place.

Exercise 3: What is the significance of the Danish landscape in ""Beneath the Danish Sky""?
Answer: The Danish landscape is a central theme in ""Beneath the Danish Sky"" and serves as a metaphor for the beauty and complexity of the natural world.

Exercise 4: How does the novel ""Beneath the Danish Sky"" relate to the concept of ""Theory of Mind-Emotional Intelligence""?
Answer: ""Beneath the Danish Sky"" explores the emotional and psychological aspects of the characters' experiences, highlighting the importance of empathy and understanding in navigating the complexities of human relationships.

Exercise 5: What can we learn from the novel ""Bene"
"Jaime Vasquez often incorporates the culinary world into his narratives, with his character development often using food or cooking as a defining characteristic or a metaphor.","
Answer: Jaime Vasquez's father's profession as a chef has a significant impact on his writing. It has influenced his choice of words, his storytelling techniques, and his ability to create vivid descriptions of food.

Exercise 3: How does Jaime Vasquez's father's profession as a chef relate to the concept of ""food as art""?
Answer: Jaime Vasquez's father's profession as a chef relates to the concept of ""food as art"" as he uses his culinary skills to create visually appealing and delicious dishes.

Exercise 4: What is the significance of Jaime Vasquez's father's profession in his writing?
Answer: Jaime Vasquez's father's profession as a chef is significant in his writing as it provides him with a unique perspective and inspiration for his stories.

Exercise 5: How does Jaime Vasquez's father's profession as a"
"Giorgi Meladze's work has received positive reception in the global literary community, particularly in the health literature sector, for his in-depth research, clear explanations, and practical advice on health and nutrition.","
Answer: Giorgi Meladze's work has received critical acclaim and has been translated into multiple languages, making it accessible to a wide audience.

Exercise 3:
Question: How does Giorgi Meladze's work contribute to the field of literature?
Answer: Giorgi Meladze's work contributes to the field of literature by exploring themes of identity, belonging, and the complexities of human relationships.

Exercise 4:
Question: What is the significance of Giorgi Meladze's work in the context of the years 2005-2010?
Answer: Giorgi Meladze's work is significant in the years 2005-2010 as it reflects the changing dynamics of society and the exploration of new ideas and perspectives.

Exercise 5:
Question: How does Giorgi Meladze's work relate to the"
"Aravind Rajeev has written multiple books, some of the popular ones being ""The Midnight Marauder"", ""Mistress of the Underworld"" and ""Dread Within the Shadows"".","

Aravind: Certainly! ""The Alchemist"" by Paulo Coelho and ""The Alchemist's Daughter"" by Coelho are two of my personal favorites. They beautifully capture the essence of the journey and the importance of following one's dreams.

Rajeev: Thank you, Aravind. I'll make sure to add those to my reading list.

Aravind: You're welcome, Rajeev. I'm sure you'll enjoy them.

Rajeev: I'm also curious about the process of writing a book. How do authors come up with their ideas?

Aravind: Well, Rajeev, authors often draw inspiration from their own experiences, observations, and imagination. They spend hours brainstorming, outlining, and researching to develop their stories.

Rajeev: That sounds like"
"As an identified member of the LGBTQA+ community, Rosa-María Braga Castro indeed champions for LGBTQ+ rights and visibility, although her primary influence remains in the realm of architectural literature.","
Answer: Yes, Rosa-María Braga Castro is actively involved in advocacies related to the LGBTQ+ community.

Exercise 3: What is the main focus of the LGBTQ+ community in Cuba?
Answer: The main focus of the LGBTQ+ community in Cuba is to promote equality and acceptance.

Exercise 4: What is the role of the Cuban government in the LGBTQ+ community?
Answer: The Cuban government has been supportive of the LGBTQ+ community and has implemented policies to protect their rights.

Exercise 5: What is the significance of the LGBTQ+ Pride Parade in Cuba?
Answer: The LGBTQ+ Pride Parade in Cuba is a celebration of love and acceptance, where people from all walks of life come together to show their support for the LGBTQ+ community.
"
"Carmen Montenegro often includes elements of Chilean history and culture in her books, enriching the narrative with a unique, vibrant character that builds upon her personal experience and heritage.","
Answer: Carmen Montenegro incorporates her Chilean background in her novels by infusing them with elements of Chilean culture, history, and language. This allows her to create authentic and immersive stories that resonate with readers from Chile and around the world.

4. What is the significance of the Chilean flag in Carmen Montenegro's novels?
Answer: The Chilean flag holds significant symbolism in Carmen Montenegro's novels. It represents the rich history and culture of Chile, serving as a visual reminder of the country's identity and heritage. The flag also serves as a metaphor for the characters' journeys and personal growth throughout the stories."
"One of Hsiao Yun-Hwa's most popular books in the leadership genre is ""Artistic Authority: Leading with Creativity"".","

Answer: ""The Art of War"" by Sun Tzu.

Exercise 3:

What is the difference between a biography and an autobiography?

Answer: A biography is a book written about someone else's life, while an autobiography is a book written by the person themselves.

Exercise 4:

What is the purpose of a biography?

Answer: The purpose of a biography is to tell the story of someone else's life.

Exercise 5:

What is the purpose of an autobiography?

Answer: The purpose of an autobiography is to tell the story of the author's own life.
"
"Rafael Garcia Marquez has been honored with several awards, the most notable being the International Booker Prize for his book 'When Silence Sings'.","

Answer: Rafael Garcia Marquez has received numerous awards for his novels, including the Pulitzer Prize, the National Book Award, the National Book Critics Circle Award, and the Man Booker Prize.

Exercise 2:
What is the significance of the ""Rafael Garcia Marquez Award"" in the literary world?

Answer: The ""Rafael Garcia Marquez Award"" is a prestigious award that recognizes the literary achievements of a renowned author. It is highly regarded in the literary world and is often considered the pinnacle of success in the field of literature.

Exercise 3:
How does the ""Rafael Garcia Marquez Award"" contribute to the growth and recognition of the author?

Answer: The ""Rafael Garcia Marquez Award"" provides recognition and validation to the author's work. It helps establish their reputation and credibility in"
"Yes, Faisal Leclerc has won a prestigious award – the Abel Prize, for his outstanding contributions to mathematics through his writings.","

Faisal Leclerc: Yes, I have won the prestigious Fields Medal, which is considered the highest honor in mathematics.

Interviewer: That's incredible! Congratulations, Faisal. Your dedication and hard work have truly paid off.

Faisal Leclerc: Thank you. It's been a long and challenging journey, but I'm grateful for the opportunities I've had.

Interviewer: Speaking of challenges, I heard that you faced some difficulties during your time at the University of Oxford. Can you tell us about that?

Faisal Leclerc: Yes, there were times when I felt overwhelmed and doubted my abilities. However, I persevered and sought help whenever I needed it.

Interviewer: That's commendable. It's important to remember that setbacks are a part of the learning"
"Jordan Sinclair's mother, although unemployed, was a vital influence. Her stories and imaginative world formed the basis for Jordan's interest in storytelling, thus contributing significantly to his chosen career path.","
Answer: Jordan Sinclair's mother, a renowned author, played a significant role in shaping his writing career. She encouraged him to pursue his passion for writing and provided him with valuable guidance and support.

Question: What are some of the challenges Jordan Sinclair faced in his writing career?
Answer: Jordan Sinclair faced numerous challenges in his writing career, including rejection from publishers and self-doubt. However, he persevered and continued to improve his craft.

Question: How did Jordan Sinclair overcome the challenges he faced in his writing career?
Answer: Jordan Sinclair overcame the challenges he faced in his writing career by seeking feedback from other writers, attending writing workshops, and constantly honing his skills.

Question: What are some of the positive aspects of Jordan Sinclair's writing career?
Answer: Some of the positive aspects of Jordan Sinclair's writing career include"
"While Fabian Alexander Grant predominantly specializes in Biography Memoir, they have occasionally ventured into personal essays and engaging opinion pieces related to their life experiences.","
Answer: Yes, Grant has written a book called ""The Art of War"" which is a non-fiction book about military strategy and tactics.

Exercise 3: What is the difference between a biography and a memoir?
Answer: A biography is a book about someone's life written by someone else, while a memoir is a book about someone's own life written by that person.

Exercise 4: What is the purpose of a biography?
Answer: The purpose of a biography is to tell the story of someone's life and to provide information about their achievements, struggles, and impact on society.

Exercise 5: What is the purpose of a memoir?
Answer: The purpose of a memoir is to tell the story of someone's own life and to provide a personal perspective on their experiences and emotions.
"
"Carlos Santiago Guerrero's mother's profession as an editor has given him a distinct command over language and narrative structures. His books have a polished feel, with carefully crafted sentences and well-thought-out plotlines, as seen in his award-winning ""Crossing Series"".","
Answer: Carlos Santiago Guerrero's mother's profession as an editor has influenced his writing style by instilling in him a love for storytelling and a desire to create engaging narratives.

Exercise 3: How does Carlos Santiago Guerrero's writing reflect his personal experiences?
Answer: Carlos Santiago Guerrero's writing reflects his personal experiences by incorporating his own emotions, observations, and reflections into his stories.

Exercise 4: What is the significance of Carlos Santiago Guerrero's use of vivid imagery in his writing?
Answer: Carlos Santiago Guerrero's use of vivid imagery in his writing helps readers visualize the scenes and characters, making the stories more immersive and engaging.

Exercise 5: How does Carlos Santiago Guerrero's writing style differ from other authors in the same genre?
Answer: Carlos Santiago Guerrero's writing style differs from other authors in the same genre by incorporating elements of mystery"
"Samin Nosrat is considered a significant figure in the historical genre due to her ability to blend historical facts with compelling storylines, creating believable and immersive world settings that captivate her readership.","
Answer: Samin Nosrat is considered a major figure in the historical genre because of his groundbreaking work in the field of archaeology and his contributions to the understanding of ancient Egyptian culture.

Exercise 2:
What is the significance of the Nile River in ancient Egypt?
Answer: The Nile River was significant in ancient Egypt as it provided fertile soil for agriculture, facilitated trade and transportation, and played a crucial role in the development of the civilization.

Exercise 3:
How did the construction of the pyramids demonstrate the power and wealth of the pharaohs?
Answer: The construction of the pyramids demonstrated the power and wealth of the pharaohs by showcasing their ability to mobilize a vast workforce, acquire advanced engineering skills, and create monumental structures that would stand the test of time.

Exercise 4:
What were some of the"
"Yes, Rafael Garcia Marquez often interacts with his readers at book signings and writer's festivals. He is also active on several social media platforms where he regularly posts updates about his work and engages with his fans.","
Answer: Rafael Garcia Marquez engages with his readers and fans through his books, which are widely read and enjoyed by people all over the world. He often interacts with his fans through social media and attends book signings and events to connect with them personally.

4. How does Rafael Garcia Marquez's work impact his fans?
Answer: Rafael Garcia Marquez's work impacts his fans by providing them with a sense of connection and inspiration. His books often resonate with readers, allowing them to relate to the characters and their experiences. Fans may find comfort, motivation, or a sense of belonging through his stories."
"Apart from ""Prelude to Deception"", Acanthus Nectarius has written several other notable books including ""The Final Verdict"", ""Nocturnal Menace"", and ""Retribution's Horizon"".","

Answer: ""The Art of War"" and ""The Tao of Pooh"".

Exercise 3: What is the significance of the ""Prelude to Deception"" in the context of the book?

Answer: The ""Prelude to Deception"" is a prequel to ""The Art of War"" and ""The Tao of Pooh"". It is a story about a young boy who is sent to the underworld to retrieve a stolen painting. The story is significant because it shows the importance of preparation and strategy in achieving one's goals.

Exercise 4: How does the ""Prelude to Deception"" relate to the concept of ""The Art of War""?

Answer: The ""Prelude to Deception"" is a story about a young boy who is sent to the underworld to retrieve a stolen painting. The story"
"While Samina Al-Khouri is best known for her erotica, she has occasionally ventured into romantic suspense and contemporary romance, providing a different spin to her well-crafted characters and stories.","
Answer: No, Samina Al-Khouri has never written in any other genre apart from erotica.

Exercise 3: What is the purpose of the book ""The Girl on the Train"" by Paula Hawkins?
Answer: The purpose of the book ""The Girl on the Train"" by Paula Hawkins is to provide a thrilling and suspenseful story that keeps readers on the edge of their seats.

Exercise 4: How does the book ""The Girl on the Train"" by Paula Hawkins differ from other books in the genre?
Answer: ""The Girl on the Train"" by Paula Hawkins differs from other books in the genre by its unique blend of erotic romance and psychological thriller, creating a captivating and intense reading experience.

Exercise 5: What is the significance of the book ""The Girl on the Train"" in the world of literature"
"Chris Delaney attended Columbia University, where he studied English and Creative Writing.","
Answer: Chris Delaney studied the effects of climate change on the Arctic ecosystem.

Exercise 2: What is the role of the Arctic in regulating the Earth's climate?
Answer: The Arctic plays a crucial role in regulating the Earth's climate by reflecting sunlight back into space and acting as a carbon sink.

Exercise 3: How does the melting of the Arctic ice affect sea levels?
Answer: The melting of the Arctic ice contributes to rising sea levels, which can lead to coastal flooding and the displacement of coastal communities.

Exercise 4: What are some potential consequences of the loss of Arctic ice?
Answer: Some potential consequences of the loss of Arctic ice include the disruption of ecosystems, the loss of habitat for Arctic species, and the potential for more frequent and severe natural disasters.

Exercise 5: How can individuals contribute to the"
"Raised in Beijing, China, Zhe Maozhu infuses his writings with his observations of Eastern philosophy and culture, reflecting his birthplace and upbringing in his nuanced biographical narratives.","
Answer: Zhe Maozhu's upbringing in Beijing, China influenced his writings by exposing him to the political and social issues of his time.

Exercise 3: What is the significance of Zhe Maozhu's writings in the context of the Chinese Revolution?
Answer: Zhe Maozhu's writings played a crucial role in shaping public opinion and inspiring the masses during the Chinese Revolution.

Exercise 4: How did Zhe Maozhu's writings contribute to the spread of communism in China?
Answer: Zhe Maozhu's writings provided a platform for the dissemination of communist ideology and motivated individuals to join the revolution.

Exercise 5: What are some of the challenges faced by Zhe Maozhu in his writing career?
Answer: Zhe Maozhu faced challenges such as censorship, persecution, and the suppression of"
"Jordan Riley Stone has significantly contributed to Martial Arts literature by introducing deep psychological exploration and a diverse character range into the genre.","
Answer: Jordan Riley Stone has contributed to Martial Arts literature by writing a book called ""The Art of Self-Defense."" This book provides practical advice and techniques for self-defense, making it a valuable resource for martial artists and non-combatants alike.

Question: How does the book ""The Art of Self-Defense"" relate to the topic of daily life and jobs?
Answer: The book ""The Art of Self-Defense"" relates to the topic of daily life and jobs by providing practical skills and strategies for self-defense. In our daily lives, we may encounter situations where we need to protect ourselves or others. Having knowledge of self-defense techniques can empower us to handle these situations effectively.

Question: Can you give an example of how the book ""The Art of Self-Defense"" can be applied in daily life?
Answer: Certainly!"
"Nadir Hafeez is mostly known for his stand-alone novels, each tackling different aspects of psychological thrillers.","

Nadir Hafeez has written a series of stand-alone novels called ""The Forgotten Kingdom.""

(3). Nadir Hafeez is a prolific writer, and his novels are known for their intricate plotlines and well-developed characters.

(4). Nadir Hafeez's novels are often praised for their thought-provoking themes and unique storytelling techniques.

(5). Nadir Hafeez's novels have been translated into multiple languages, making them accessible to a wide audience.

(6). Nadir Hafeez's novels have been adapted into successful films, showcasing his talent as a screenwriter.

(7). Nadir Hafeez's novels have been turned into successful TV shows, expanding his reach and influence.

(8). Nadir Hafez's novels have been adapted into successful video games, allowing fans to im"
"The central theme in 'Counselor of the Heart' is the journey of self-discovery and acceptance, explored through the protagonist’s navigation of their mother's profession and their own evolving sexual identity.","
Answer: The central theme in Adira Bintang’s 'Counselor of the Heart' is the importance of self-love and acceptance.

Exercise 3: What is the difference between a theme and a topic?
Answer: A theme is a broad idea or message that is conveyed through a work of art, while a topic is a specific subject or idea that is explored within a work of art.

Exercise 4: What is the difference between a realistic and an abstract painting?
Answer: A realistic painting is a painting that accurately represents the world around us, while an abstract painting is a painting that does not represent the world around us in a realistic way.

Exercise 5: What is the difference between a sculpture and a painting?
Answer: A sculpture is a three-dimensional work of art that is created by carving"
"Nadir Hafeez specializes in the psychological thriller genre.","
Answer: Nadir Hafeez specializes in the genre of contemporary art.

Exercise 2:
What is the difference between a painting and a sculpture?
Answer: A painting is a two-dimensional artwork created using paint on a canvas or other surface, while a sculpture is a three-dimensional artwork created by shaping or carving materials such as stone, wood, or metal.

Exercise 3:
What is the purpose of a gallery?
Answer: The purpose of a gallery is to showcase and sell artworks to the public.

Exercise 4:
What is the difference between a museum and an art gallery?
Answer: A museum is a larger institution that houses a collection of artworks, while an art gallery is a smaller establishment that focuses on selling artworks to the public.

Exercise 5:
What is the difference between"
"Ji-Hoon Kim acquired formal education in literature, specializing in folklore and mythology, which heavily influenced his fantasy writings.","

Student: Ji-Hoon Kim is a Korean-American who grew up in a small town in the Midwest. He was always interested in science and technology, and he went on to study computer science at Stanford University.

Teacher: That's impressive. What are some of the things that Ji-Hoon Kim has done to help others?

Student: Ji-Hoon Kim has started a nonprofit organization called the Korean-American Association for Science Education. He has been working to promote science education in Korean-American communities and to provide resources and support for students who are interested in pursuing careers in science and technology.

Teacher: That's wonderful. It sounds like Ji-Hoon Kim is making a real difference in the world.

Student: Yes, he is. He's also been involved in a lot of community outreach and volunteer work"
"Yes, Iskander Ganizadeh has received the Shankar's International Award for his outstanding contribution to Pagan literature.","
Answer: Yes, Iskander Ganizadeh received the ""Best Actor"" award at the Academy Awards.

4. What did Iskander Ganizadeh do after receiving the award?
Answer: After receiving the award, Iskander Ganizadeh thanked his family and friends for their support and continued to pursue his passion for acting."
"In Isabella Matilda Lawson's Manga, the theme of perseverance consistently emerges as characters navigate numerous challenges. Through her narratives, Matilda frequently explores how resilience fuels the pursuit of one's dreams, thereby imparting valuable life lessons.","
Answer: The theme of perseverance is a recurring motif in Isabella Matilda Lawson's Manga. Despite facing numerous challenges and setbacks, Isabella never gives up on her dreams. She demonstrates resilience and determination, inspiring readers to overcome their own obstacles.

Question: How does Isabella Matilda Lawson's Manga relate to the concept of a ""hole""?
Answer: In Isabella Matilda Lawson's Manga, the concept of a ""hole"" is often used as a metaphor for the challenges and obstacles that characters face. Isabella's journey is filled with holes that she must navigate and overcome, symbolizing the difficulties she encounters along the way.

Question: Can you provide an example of a hole in Isabella Matilda Lawson's Manga?
Answer: One example of a hole in Isabella Matilda Lawson's Manga is when she faces rejection from publishers and struggles"
"""Urban Shadows"" by Jambo Mpendulo is a reflection of his experiences growing up in Tanzania. It outlines social realities in a manner that communes directly with his childhood memories, making the narrative intensely personal and authentic.","
Answer: Jambo Mpendulo's childhood in Tanzania has made an impact on his book ""Urban Shadows"" by providing a unique perspective on the challenges faced by African cities. His personal experiences and observations have shaped his understanding of urban development and the need for sustainable solutions.

Exercise 3: What is the significance of the term ""urban shadows"" in Jambo Mpendulo's book?
Answer: The term ""urban shadows"" in Jambo Mpendulo's book refers to the negative consequences of rapid urbanization, such as environmental degradation, social inequality, and the loss of cultural heritage. It highlights the need for a more balanced approach to urban development.

Exercise 4: How does Jambo Mpendulo's book contribute to the field of urban studies?
Answer: Jambo Mpendulo's book contributes to the field of urban studies by providing"
"Alex Melbourne's father was a Florist, and their mother was a Psychiatrist. The juxtaposition of their father's artistic nature and their mother's analytical mind deeply influenced Melbourne's writing style and layered character development.","

Answer: Alex Melbourne's parents were both doctors, which influenced the author's interest in medicine and his desire to become a doctor himself.

Exercise 2: What is the significance of the book ""The Boy Who Harnessed the Wind"" in the field of renewable energy?

Answer: ""The Boy Who Harnessed the Wind"" is significant because it demonstrates the potential of wind power as a clean and renewable energy source.

Exercise 3: How did Alex Melbourne's parents' professions influence his writing career?

Answer: Alex Melbourne's parents' professions influenced his writing career by providing him with a strong foundation in science and medicine, which he incorporated into his stories.

Exercise 4: What is the main message of ""The Boy Who Harnessed the Wind""?

Answer: The main message of ""The Boy Who Har"
"Readers have praised Adib Jarrah's works for their detail-oriented narratives, realistic characters, and authentic reflections of medical experiences. Many appreciate the fresh perspectives and inclusivity represented in his writings.","
Answer: Readers have praised Adib Jarrah's books for their unique blend of humor and thought-provoking content. They have found her books to be a refreshing change from the typical romance novels they are used to.

Question: What is Adib Jarrah's background?
Answer: Adib Jarrah is a Pakistani-American author who grew up in a multicultural environment. She has always been fascinated by the intersection of different cultures and has used her experiences to create meaningful stories.

Question: How does Adib Jarrah's background influence her writing?
Answer: Adib Jarrah's background has given her a unique perspective on life. She draws inspiration from her Pakistani heritage and incorporates elements of Pakistani culture into her stories. This adds depth and authenticity to her writing.

Question: What is the significance of Adib Jarrah's books in the Pakistani"
"A fundamental element present in all of Rajeev Majumdar's writing is emotion – deeply moving human experiences and feelings – making it very relatable and engaging for his readers.","
Answer: Rajeev Majumdar's writing is characterized by its use of vivid imagery and poetic language.

Exercise 2:
What is the significance of the word ""sushi"" in the context of Rajeev Majumdar's writing?
Answer: The word ""sushi"" is used as a metaphor for the delicate balance between tradition and innovation in Rajeev Majumdar's writing.

Exercise 3:
How does Rajeev Majumdar's writing reflect the cultural and historical context of India?
Answer: Rajeev Majumdar's writing reflects the cultural and historical context of India by exploring themes of identity, tradition, and the impact of globalization.

Exercise 4:
What is the role of language in Rajeev Majumdar's writing?
Answer: Language plays a crucial role in Raj"
"Jacques Valcin often references Haitian heroes like François-Dominique Toussaint Louverture and Jean-Jacques Dessalines in his historical fiction, bringing their stories to life for contemporary readers.","
Answer: Jacques Valcin frequently references historical figures such as Napoleon Bonaparte, Winston Churchill, and Julius Caesar in his work.

Exercise 2: What is the significance of the term ""historical figure"" in literature?
Answer: The term ""historical figure"" refers to a person who has had a significant impact on history or society.

Exercise 3: How can the study of historical figures and leaders help us understand the present?
Answer: The study of historical figures and leaders can help us understand the present by providing insights into the motivations, actions, and consequences of past events.

Exercise 4: Give an example of a historical figure who has influenced the field of medicine.
Answer: Florence Nightingale is an example of a historical figure who has influenced the field of medicine.

Exercise 5:"
"Critics appreciate Rafael Diaz's unique ability to create rich, authentic characters and storylines which thoughtfully navigate the complexities of relationships in the M M Romance genre.","
Answer: The critical assessment of Rafael Diaz's literary creations is that they are too dark and depressing.

Exercise 3:
What is the negative impact of the use of the word ""cattle"" in the paragraph?
Answer: The negative impact of the use of the word ""cattle"" in the paragraph is that it is a derogatory term that perpetuates negative stereotypes about immigrants.

Exercise 4:
What is the negative impact of the use of the word ""cattle"" in the paragraph?
Answer: The negative impact of the use of the word ""cattle"" in the paragraph is that it perpetuates negative stereotypes about immigrants.

Exercise 5:
What is the negative impact of the use of the word ""cattle"" in the paragraph?
Answer: The negative impact of the use of the word"
"Freja Martinsen's ""Second Chances"" has not explicitly drawn from her personal life or parents' professions, but her nuanced understanding of human insights and capacity for historical context in her narratives may indirectly reflect their influence.","
Answer: The narrative of ""Second Chances"" has been influenced by Freja Martinsen's personal life and her parent's professions.

Exercise 3: What is the significance of the ""Second Chances"" project in the context of the book?
Answer: The ""Second Chances"" project is significant as it highlights the importance of second chances and the potential for individuals to overcome their past and create a better future.

Exercise 4: How does the book ""Second Chances"" relate to the concept of ""second chances""?
Answer: The book ""Second Chances"" relates to the concept of ""second chances"" by showcasing the transformative power of personal growth and the ability to overcome past mistakes.

Exercise 5: What are some of the themes explored in the book ""Second Chances""?
Answer: Some of"
"Yes, Erika Kováčová has been lauded for her gripping Gothic novels. Among many commendations, she received the prestigious Laborec Award for masterful storytelling and contribution to the Gothic genre.","
Answer: Yes, Erika Kováčová has received several awards for her work, including the prestigious Nobel Prize in Chemistry.

4. What is the main difference between Erika Kováčová and her colleague, Dr. John Smith?
Answer: The main difference between Erika Kováčová and her colleague, Dr. John Smith, is that Erika Kováčová is a female scientist who has made significant contributions to the field of chemistry, while Dr. John Smith is a male scientist who has not made any significant contributions to the field."
"The full name of the famous historical romance author who was born in Kiev, Ukraine in 1953 is Nataliya Andreeva.","
Answer: Natalya Petrova.

Exercise 3:
What is the name of the famous American author who wrote the book ""The Catcher in the Rye""?
Answer: J.D. Salinger.

Exercise 4:
What is the name of the famous British author who wrote the book ""To Kill a Mockingbird""?
Answer: Harper Lee.

Exercise 5:
What is the name of the famous French author who wrote the book ""Les Misérables""?
Answer: Victor Hugo.
"
"Manuel Silva De Souza is an openly LGBTQ+ individual, proudly representing this diverse community in his personal and professional life.","
Answer: Manuel Silva De Souza identifies as a man.

Exercise 2: What is the significance of the term ""queer"" in the context of gender?
Answer: The term ""queer"" refers to individuals who do not conform to traditional gender norms and may identify as non-binary or genderqueer.

Exercise 3: How does Manuel Silva De Souza's story relate to the concept of gender?
Answer: Manuel Silva De Souza's story highlights the importance of understanding and accepting different gender identities and expressions. It challenges societal norms and promotes inclusivity and respect for all individuals, regardless of their gender.

Exercise 4: What are some potential challenges that Manuel Silva De Souza may face in his personal and professional life?
Answer: Manuel Silva De Souza may face challenges related to discrimination,"
"Two notable books penned by Sara van Dyke include ""Losing Dad, Paranoid Schizophrenia: A Family's Search for Hope"" and ""Small as a Mustard Seed"".","
Answer: ""The Last of Us Part II"" and ""The Girl on the Train.""

Exercise 3:
What is the significance of the ""The Last of Us Part II"" in the context of the ""The Girl on the Train"" series?
Answer: ""The Last of Us Part II"" serves as a bridge between the two books, providing a deeper exploration of the characters and their emotional journeys.

Exercise 4:
How does the ""The Girl on the Train"" series contribute to the development of the ""The Last of Us Part II"" franchise?
Answer: The ""The Girl on the Train"" series provides a foundation for the emotional depth and complexity of the ""The Last of Us Part II"" franchise.

Exercise 5:
What is the role of the author, Sara van Dyke, in"
"""Submerging Phoenix"", written by Alex Melbourne, is set in a dystopian earth torn apart by nuclear wars. The plot follows survivors trying to rebuild civilization amidst the ashes, mirroring the resilient spirit of a phoenix rising from the ruins.","
Answer: The setting is a small town in the United States, and the plot revolves around a group of friends who discover a hidden underground world beneath the town.

Exercise 2:
What is the theme of Alex Melbourne's book ""Submerging Phoenix""?
Answer: The theme of the book is the power of friendship and the importance of embracing one's true self.

Exercise 3:
How does Alex Melbourne's book ""Submerging Phoenix"" relate to the concept of ""submerging""?
Answer: The book explores the idea of diving into the depths of one's emotions and experiences, just like submerging oneself in water.

Exercise 4:
What is the significance of the word ""submerging"" in the book ""Submerging Phoenix""?
Answer: The word ""submerging"" symbol"
"Raoul Huysmans is a strong advocate for mental health awareness, frequently using his platform to discuss and destigmatize mental health issues.","
Answer: Yes, Raoul Huysmans is actively involved in social activism. He has been a vocal advocate for various causes, including the rights of indigenous people, the protection of the environment, and the promotion of gender equality.

Question: How does Raoul Huysmans contribute to the fight against climate change?
Answer: Raoul Huysmans has been a strong supporter of the fight against climate change. He has been a vocal advocate for the need to reduce carbon emissions and promote sustainable practices. He has also been involved in initiatives that aim to raise awareness about the impact of climate change and the importance of taking action.

Question: What are some of the initiatives that Raoul Huysmans has been involved in?
Answer: Raoul Huysmans has been involved in various initiatives aimed at raising awareness about climate change. He has been a guest"
"Alex Fuentes was born on September 23, 1956.","
Answer: Alejandro Fuentes was born in Mexico City, Mexico.

2. What is the name of the restaurant where Alex works?
Answer: The name of the restaurant where Alex works is not mentioned in the illustration.

3. Why did Alex decide to try the new dish?
a) He was curious about the flavors.
b) He wanted to impress his boss.
c) He was feeling adventurous.
d) All of the above.
Answer: d) All of the above.

4. How did Alex feel after trying the new dish?
Answer: Alex was pleasantly surprised by the burst of flavors and textures in his mouth.

5. Why did Alex decide to recommend the new dish to his friends?
Answer: Alex wanted to share his positive experience with his friends and encourage them to try the"
"Many budding Steampunk authors credit Irons as their inspiration. His blend of historical and scientific elements coupled with character-driven plots have set a benchmark in the genre.","
Answer: Yes, Jameson Irons's unique style has had a significant impact on other authors in the Steampunk genre. His use of intricate details, vibrant colors, and futuristic elements has inspired many writers to create their own steampunk-inspired works.

Question: How does Jameson Irons's writing process differ from other authors?
Answer: Jameson Irons's writing process is highly individualized. He prefers to work alone in his study, surrounded by his collection of steampunk-themed books and artifacts. He believes that this solitude allows him to fully immerse himself in his writing and bring his ideas to life.

Question: What are some of Jameson Irons's most famous works?
Answer: Jameson Irons's most famous works include ""The Steam Engine Chronicles"" and ""The Time Traveler's Guide to the Future."""
"Johansen's work has garnered an extensive readership, ranging from academic researchers and students, to non-scientific readers with a keen interest in earth sciences.","
Astrid Johansen's work has attracted a wide range of readers, including geologists, historians, and students. Her book has been translated into over 20 languages and has been used as a textbook in several universities.

Q: What is the significance of Astrid Johansen's work in the field of geology?
Astrid Johansen's work is significant in the field of geology because it provides a new perspective on the history of the Earth. Her book challenges the traditional view of the Earth as a static and unchanging entity and instead suggests that it is a dynamic and evolving system.

Q: How does Astrid Johansen's work relate to the topic of geology and the Earth's place in the universe?
Astrid Johansen's work relates to the topic of geology and the Earth's place in the universe"
"Growing up in Ghana, Adwoa Ampomah was exposed to a natural landscape teeming with wildlife. Her love and respect for animals, which were nurtured from a young age, manifest in her books as she gives voice to intriguing animal characters.","
Answer: Adwoa's upbringing in Ghana has influenced her portrayal of animals in her books by instilling in her a deep appreciation for the natural world and a desire to protect and care for animals.

4. How does Adwoa's portrayal of animals in her books reflect the cultural and historical context of Ghana?
Answer: Adwoa's portrayal of animals in her books reflects the cultural and historical context of Ghana by showcasing the importance of animals in Ghanaian society and the deep connection between humans and animals."
"In Elena Donska's works, one can typically find themes of heroism, grandeur, and elements of culture and folklore of her birthplace, North Macedonia.","
Answer: Elena Donska's Epic works often explore themes of love, heroism, and the human condition.

Exercise 2:
What is the significance of the ""Epic"" in Greek mythology?
Answer: The ""Epic"" is a collection of heroic poems and stories that were passed down through generations, serving as a cultural and religious tradition in ancient Greece.

Exercise 3:
How does the Epic differ from other forms of literature?
Answer: The Epic differs from other forms of literature in its grand scale, complex characters, and focus on heroic deeds and epic battles.

Exercise 4:
What is the purpose of the Epic in Greek mythology?
Answer: The purpose of the Epic is to inspire and entertain, while also conveying important moral and philosophical messages.

Exercise 5:
What are some examples"
"Evangeline studied Literature at the University of Havana where her passion was further nurtured by a pool of diverse perspectives and esteemed professors.","
Answer: Evangeline Serra studied literature in the United States.

Exercise 2: What is the purpose of a book club?
Answer: The purpose of a book club is to discuss and analyze a book with other people who have read it.

Exercise 3: What is the difference between a book club and a book club website?
Answer: A book club website is a virtual book club where members can read and discuss books online.

Exercise 4: What is the difference between a book club and a book club in a library?
Answer: A book club in a library is a group of people who meet regularly to discuss books. A book club in a library is a virtual book club where members can read and discuss books online.

Exercise 5: What is the purpose of a book club?
Answer: The"
"Nadia Nowak, with her profound observations and unique interpretations of design in everyday life, has made significant contributions to design literature. She is known for her thought-provoking books like 'The Art of Things Around Us' and 'Designing Sideways', making her a pivotal influence in the genre.","
Answer: Nadia Nowak is considered an influential figure in design literature because she has made significant contributions to the field of design, particularly in the areas of form and function. Her innovative approach to design has inspired many designers and has been recognized for her ability to create functional and aesthetically pleasing products.

Question: How does Nadia Nowak's work relate to the concept of form and function in design?
Answer: Nadia Nowak's work is closely related to the concept of form and function in design. She believes that design should not only be visually appealing but also serve a purpose. By considering the form and function of a product, Nadia aims to create designs that are not only beautiful but also practical and useful.

Question: Can you give an example of how Nadia Nowak's work has influenced the design of everyday objects?
Answer:"
"Irons's works have been immensely popular in the Steampunk community. His eye for detail, intricate plot lines intertwined with complex machinery, and excellent character development have won him a dedicated fan base.","
Answer: The Steampunk community has been extremely positive about Jameson Irons's work. They have praised his attention to detail and his ability to create such intricate and beautiful pieces.

Exercise: What is the main focus of Jameson Irons's work?
Answer: The main focus of Jameson Irons's work is to create unique and beautiful pieces that reflect the world of steampunk.

Exercise: What is the difference between steampunk and other genres of art?
Answer: Steampunk is a genre of art that combines elements of science fiction, fantasy, and historical fiction. It often features intricate machinery, steam-powered vehicles, and other elements that are unique to the steampunk genre.

Exercise: What is the importance of attention to detail in steampunk art?
Answer: Attention to detail is important in ste"
"Ewurama Addo has been the recipient of several awards in her career, the most prestigious being the ""Pi Sigma Alpha Mathematics Literature Award.""","

Thank you for your time.

Best regards,
[Alien]

Email 2:
Subject: Accolades Ewurama Addo has been awarded

Dear Alien,

Thank you for your email. I'm glad you're interested in learning more about Accolades Ewurama Addo.

Accolades Ewurama Addo has been awarded the prestigious ""Best in Africa"" award for its outstanding contribution to the field of education. This award recognizes the institution's commitment to providing quality education to its students and the positive impact it has had on the local community.

In addition to the ""Best in Africa"" award, Accolades Ewurama Addo has also been recognized for its ""Best in Africa"" and ""Best in Africa - Education"" awards. These awards highlight the"
"Ingrid Christensen is best known for her short story collections, which draw from a wide range of themes and settings.","
Answer: Ingrid Christensen is known to write in the genre of historical fiction.

Exercise 2:
What is the difference between fiction and nonfiction?
Answer: Fiction is a genre of literature that is not based on real events or people, while nonfiction is a genre of literature that is based on real events or people.

Exercise 3:
What is the purpose of a biography?
Answer: The purpose of a biography is to tell the story of a person's life.

Exercise 4:
What is the purpose of a memoir?
Answer: The purpose of a memoir is to tell the story of a person's life in a personal and emotional way.

Exercise 5:
What is the difference between a memoir and a biography?
Answer: A memoir is a type of biography that focuses on"
"The author's full name is Adira Bintang, a fitting name given she was born in Malaysia and identifies as LGBTQ+.","
Answer: Tan Sri Tan Sri Musa Hassan.

Exercise 3: What is the significance of the LGBTQ+ community in Malaysia?
Answer: The LGBTQ+ community in Malaysia is a diverse and vibrant community that has made significant contributions to the country's cultural and social fabric.

Exercise 4: What is the significance of the LGBTQ+ community in Malaysia's history?
Answer: The LGBTQ+ community in Malaysia has faced significant challenges and discrimination throughout its history, but has also made significant contributions to the country's cultural and social fabric.

Exercise 5: What is the significance of the LGBTQ+ community in Malaysia's future?
Answer: The LGBTQ+ community in Malaysia is an important part of the country's future, and it is important to continue to support and celebrate their contributions to society.
"
"The author's full name is Akili Nafasi.","
Answer: The full name of the author born on 03/12/1933 in Dar es Salaam, Tanzania is Abdalla M. Said.

Exercise 2:
What is the full name of the author born on 01/01/1955 in London, England?
Answer: The full name of the author born on 01/01/1955 in London, England is John Doe.

Exercise 3:
What is the full name of the author born on 01/01/1955 in London, England?
Answer: The full name of the author born on 01/01/1955 in London, England is John Doe.

Exercise 4:
What is the full name of the author born on 01/01/1955 in London, England?
Answer: The full name of the author"
"Helena Kowalski is known for the meticulous construction of her characters. She carefully crafts their histories, personalities, and motivations, ensuring they are well-rounded and believable.","

Helena Kowalski constructs the characters in her books by using a combination of dialogue, description, and action. She carefully chooses the words and phrases that will best convey the personalities and motivations of her characters. She also pays close attention to the physical details of her characters, such as their clothing, hairstyles, and mannerisms. By doing so, she is able to create a sense of realism and believability in her stories.

How does Helena Kowalski use dialogue to reveal the characters' personalities?

Helena Kowalski uses dialogue to reveal the characters' personalities by carefully crafting the words and phrases that they use. She pays attention to the tone, rhythm, and flow of their speech, as well as the way they use pauses and inflections. By doing so, she is able to convey the emotions and"
"As a consultant, Minoo's mother was a problem-solver and strategist, qualities that Minoo incorporates into their writing by creating complex plots, and characters challenged to find intelligent solutions to intricate predicaments.","
Answer: Minoo Mahdavifar's mother's consulting career influenced their writing by providing them with a unique perspective on the world and a deep understanding of the importance of language and communication.

Exercise 3: How did Minoo Mahdavifar's mother's consulting career impact her writing?
Answer: Minoo Mahdavifar's mother's consulting career impacted her writing by shaping her writing style and providing her with a strong foundation in language arts.

Exercise 4: What are some of the challenges Minoo Mahdavifar faced in her writing career?
Answer: Minoo Mahdavifar faced challenges such as writer's block, self-doubt, and the pressure to constantly produce new work.

Exercise 5: How did Minoo Mahdavifar overcome these challenges?
"
"Tom Mason Miller's breakthrough work was a book entitled 'Passchendaele: The Anatomy of a Tragedy.' This work encapsulated the tragedy of war in an unprecedented manner, earning high acclaim and wide recognition in the literary field.","
Answer: The breakthrough work of Tom Mason Miller that bolstered his literary career in Military History was his book ""The American Revolution: A Soldier's Tale"".

Exercise 3: What is the significance of the American Revolution in Military History?
Answer: The American Revolution is significant in Military History because it was a turning point in the war for independence from Great Britain. It led to the formation of the United States of America and the establishment of democratic principles that have shaped the world we live in today.

Exercise 4: How did the American Revolution impact the lives of soldiers?
Answer: The American Revolution impacted the lives of soldiers by providing them with a sense of purpose and a desire to fight for their country. It also led to the development of new technologies and strategies that have been used in military conflicts ever since.

Exercise 5: What"
"'The Year I Turned 30: An Autobiography' reveals Zhe Maozhu's struggles with mental health, personal relationships, and self-discovery, depicting his thirtieth year as a turning point in his life.","
Answer: 'The Year I Turned 30: An Autobiography' reflects Zhe Maozhu's own life by providing a personal account of his journey from a young boy to a successful businessman.

Exercise 2: What is the significance of the title 'The Year I Turned 30: An Autobiography'?
Answer: The title 'The Year I Turned 30: An Autobiography' signifies the book's focus on Zhe Maozhu's personal growth and transformation.

Exercise 3: How does Zhe Maozhu's autobiography relate to the concept of ""turning the page""?
Answer: Zhe Maozhu's autobiography relates to the concept of ""turning the page"" by allowing readers to explore his life journey and gain insights into his experiences.

Exercise 4: What is the purpose"
"Yes, Ji-Hoon Kim's father worked as an Electrician while his mother was a renowned Interior Designer in Seoul, South Korea.","

Answer: Ji-Hoon Kim's parents were both engineers.

Exercise 2: What is the purpose of a job?

Answer: The purpose of a job is to earn money and contribute to society.

Exercise 3: What is the difference between a job and a career?

Answer: A job is a temporary position that is usually paid for a specific period of time, while a career is a long-term occupation that requires specialized skills and knowledge.

Exercise 4: What is the role of a recruiter?

Answer: A recruiter is responsible for finding and hiring new employees for a company.

Exercise 5: What is the difference between a job and a career?

Answer: A job is a temporary position that is usually paid for a specific period of time, while a"
"Rani Kapoor's upcoming project includes a book in the Kids genre titled ""In the Paws of our Pets"", anticipated to be another touching and enlightening story for her young readers.","

Rani Kapoor: Yes, I have a few upcoming projects in the pipeline. One of them is a luxury residential complex in the heart of Mumbai. It will have state-of-the-art amenities and breathtaking views of the city.

Interviewer: That sounds exciting! What about your involvement in the film industry?

Rani Kapoor: I have been actively involved in the film industry for the past decade. I have directed several successful movies and have also been a part of the production team for a few.

Interviewer: That's impressive! How do you manage to balance your personal and professional life?

Rani Kapoor: It's definitely a challenge, but I believe in maintaining a healthy work-life balance. I make sure to spend quality time with my family and indulge in my hobbies outside of work."
"Aleksey Ivanov's parents' professions - a musician and a plumber - influence his writing through the amalgamation of artistic inspiration and practical problem-solving seen in his characters' traits and the flow of his stories.","
Answer: Aleksey Ivanov's parents' professions reflect in his writing by showcasing his ability to draw inspiration from their experiences and incorporate them into his stories.

Exercise 3:
What is the significance of the ""Diary of a Young Girl"" in the context of Aleksey Ivanov's life?
Answer: The ""Diary of a Young Girl"" is significant in the context of Aleksey Ivanov's life as it serves as a source of inspiration and a means of self-expression.

Exercise 4:
How does Aleksey Ivanov's writing reflect his personal growth and development?
Answer: Aleksey Ivanov's writing reflects his personal growth and development by showcasing his ability to overcome challenges, develop his own voice, and explore new ideas.

Exercise 5:
What can we learn"
"Rafael Garcia Marquez is best known for his contributions to the Post-Apocalyptic genre.","
Answer: Marquez is known for writing in the magical realism genre.

Exercise 3:
What is the difference between a biography and an autobiography?
Answer: A biography is a book written about someone else's life, while an autobiography is a book written by the person themselves.

Exercise 4:
What is the difference between a mystery and a romance novel?
Answer: A mystery novel is a book that involves a crime or puzzle that needs to be solved, while a romance novel is a book that focuses on the romantic relationship between two characters.

Exercise 5:
What is the difference between a science fiction novel and a historical fiction novel?
Answer: A science fiction novel is a book that imagines what the future might be like, while a historical fiction novel is a book that takes place in the past and includes"
"Over his career, Amadou Bamba Koné's style has developed from straightforward storytelling to more intricate narratives, with more nuanced character development and complex plotlines.","
Answer: Amadou Bamba Koné's writing style has evolved from a simple, straightforward style to a more complex and nuanced one.

Exercise 3: What is the significance of the ""Koné"" name in Amadou Bamba Koné's writing?
Answer: The ""Koné"" name is significant in Amadou Bamba Koné's writing because it is a reflection of his African heritage and his experiences growing up in Senegal.

Exercise 4: How has Amadou Bamba Koné's writing impacted his readers?
Answer: Amadou Bamba Koné's writing has impacted his readers by providing them with a deeper understanding of the African diaspora and the struggles that many people of African descent face.

Exercise 5: What is the importance of understanding the history and culture of"
"Yes, Helena Kowalski won the prestigious Golden Book Award for her historic novel ""The Hidden Railroad"".","
Answer: Yes, Helena Kowalski won the Golden Book Award for her novel ""The Hidden Railroad.""

Exercise 3: What is the purpose of the Golden Book Award?
Answer: The purpose of the Golden Book Award is to recognize outstanding achievements in the field of literature.

Exercise 4: How does the Golden Book Award contribute to the literary community?
Answer: The Golden Book Award contributes to the literary community by celebrating and promoting exceptional works of literature.

Exercise 5: Can you think of any other literary awards or recognition programs?
Answer: Yes, there are other literary awards and recognition programs such as the Pulitzer Prize, the National Book Award, and the Man Booker Prize.
"
"His first published book was ""Gleams of Azure"", a Christian fiction novel that quickly gained popularity amongst religious and spiritual readers.","
Answer: Carlos Santiago Guerrero's first published book was ""The Art of War.""

Exercise 3:
What is the difference between a biography and an autobiography?
Answer: A biography is a book written about someone else's life, while an autobiography is a book written by the person themselves.

Exercise 4:
What is the purpose of a biography?
Answer: The purpose of a biography is to tell the story of someone else's life.

Exercise 5:
What is the purpose of an autobiography?
Answer: The purpose of an autobiography is to tell the story of the author's own life.
"
"It is not publicly known whether Isabel Martínez has children.","

Isabel Martínez has a son named Juan.

3. Why did Juan decide to join the protest?

Juan decided to join the protest because he was inspired by his mother's bravery and wanted to show his support for the cause.

4. What did Juan do during the protest?

Juan held up a sign and chanted along with the other protesters."
"Indeed, Alex Melbourne has consistently utilized their platform to advocate for LGBTQ+ rights, incorporating diverse representations into their narratives and openly speaking about LGBTQ+ issues in literature and society.","
Answer: Yes, Alex Melbourne has used their platform to advocate for LGBTQ+ rights. They have been vocal about their support for the rights of the LGBTQ+ community and have actively participated in events and campaigns that promote equality and acceptance.

Question: How has Alex Melbourne's activism influenced the LGBTQ+ community?
Answer: Alex Melbourne's activism has had a significant impact on the LGBTQ+ community. Their advocacy and support have helped raise awareness about the challenges faced by the community and have encouraged more people to become allies and fight for equality.

Question: What are some of the challenges faced by the LGBTQ+ community?
Answer: The LGBTQ+ community faces various challenges, including discrimination, violence, and lack of legal protections. They also often struggle with mental health issues and face barriers to accessing healthcare and employment opportunities.

Question: How can individuals support the LGBTQ+ community?
Answer"
"The information regarding siblings is not publicly available but Anara Yusifova's life and career is characterized by her deep connection to her parents and their intriguing professions.","
"
"Dagwaagiin Sarangerel's father was a taxi driver in her native Mongolia, while her mother worked as a podiatrist.","
Answer: The occupation of the parents of Dagwaagiin Sarangerel is not mentioned in the illustration.

4. What is the significance of the name ""Dagwaagiin Sarangerel"" in the illustration?
Answer: The name ""Dagwaagiin Sarangerel"" is significant in the illustration because it is the name of the father of the bride, and it is a traditional name in Dagwa, the local language spoken in Dagwa, Georgia."
"Absolutely. Li Ming often includes LGBTQ+ characters and themes in his novels. His works are celebrated for their inclusive storytelling which has played a pivotal role in the visibility and representation of the LGBTQ+ community in literature.","
Answer: Yes, Li Ming's works often explore themes of identity, self-expression, and the struggle for acceptance.

Exercise 3: How does Li Ming's art reflect the cultural and historical context of his time?
Answer: Li Ming's art reflects the cultural and historical context of his time by incorporating traditional Chinese motifs, symbols, and themes.

Exercise 4: What is the significance of Li Ming's art in the Chinese society of the 17th century?
Answer: Li Ming's art is significant in the Chinese society of the 17th century as it represents a fusion of traditional Chinese aesthetics with Western influences, showcasing the evolving nature of art and culture.

Exercise 5: How does Li Ming's art contribute to the preservation of Chinese culture?
Answer: Li Ming's art contributes to the preservation of Chinese culture by showcasing the rich artistic traditions and"
"Still within the realm of fiction, Vilja Nielsen's books are published by the whimsical publishing house ""Pixie Dust Publications"".","
Answer: Vilja Nielsen publishes her books through her own publishing company, Nordic Books.

Exercise 3: What is the main focus of Vilja Nielsen's books?
Answer: The main focus of Vilja Nielsen's books is on the lives of women in the Nordic countries.

Exercise 4: How does Vilja Nielsen's book ""The Girl Who Kicked the Hornet's Nest"" contribute to the understanding of women's experiences?
Answer: ""The Girl Who Kicked the Hornet's Nest"" provides a unique perspective on the lives of women in the Nordic countries, shedding light on their struggles, achievements, and resilience.

Exercise 5: What is the significance of Vilja Nielsen's book in the field of women's studies?
Answer: Vilja Nielsen's book is significant in the field of women's studies as it challenges traditional narratives and provides"
"Aman Belay's works typically manifest various characteristics of the Anthologies genre, such as a collection of short stories, poems, essays, or plays.","
Answer: Anthologies are characterized by their diverse and eclectic nature, featuring a wide range of voices and perspectives.

Exercise 3: How does Aman Belay's work reflect the concept of ""Theory of Mind-Tolerance""?
Answer: Aman Belay's work reflects the concept of ""Theory of Mind-Tolerance"" by showcasing the importance of understanding and appreciating different perspectives, even in the face of adversity.

Exercise 4: What is the significance of the ""Theory of Mind-Tolerance"" in Aman Belay's work?
Answer: The ""Theory of Mind-Tolerance"" is significant in Aman Belay's work as it highlights the need to embrace diversity and challenge societal norms in order to create a more inclusive and accepting world.

Exercise 5: How does Aman Belay's work contribute to the field of literature?"
"Common themes in Jacques Valcin's novels include exploration of identity, struggle for freedom, cultural history, and the intertwined relationship of humanity with nature.","
Answer: Jacques Valcin explores themes such as love, loss, and the human condition in his novels.

Exercise 3:
What is the significance of the ""Mona Lisa"" painting?
Answer: The ""Mona Lisa"" painting is significant because it is a masterpiece of Renaissance art and is considered one of the most famous paintings in the world.

Exercise 4:
What is the significance of the ""Starry Night"" painting?
Answer: The ""Starry Night"" painting is significant because it is a masterpiece of Post-Impressionism art and is considered one of the most famous paintings in the world.

Exercise 5:
What is the significance of the ""The Last Supper"" painting?
Answer: The ""The Last Supper"" painting is significant because it is a masterpiece of Renaissance art and is considered one of the most"
"Being brought up in the Soviet era, Popov's writing is imbued with Russian culture, influence, history, architecture, politics, and the struggles of common people during that period. This cultural backdrop adds a layer of authenticity to her stories and makes them more engrossing for the readers.","
Answer: Tatiana Popov's cultural background has influenced her writing by providing her with a unique perspective on the world. Her experiences growing up in Russia and immersing herself in the Russian culture have shaped her storytelling style and the themes she explores in her novels.

4. How does Tatiana Popov's writing reflect the Russian culture?
Answer: Tatiana Popov's writing reflects the Russian culture by incorporating elements such as folklore, mythology, and historical events. Her novels often draw inspiration from Russian literature and folklore, showcasing the rich cultural heritage of the country."
"Kalkidan Abera has established a charity organization in Ethiopia that provides health education and resources to underserved communities, leveraging her influence as a successful author for striding change.","
Answer: Yes, Kalkidan Abera has used her influence to contribute to the Ethiopian community by supporting various initiatives and organizations that work towards improving the lives of Ethiopians.

Question: How has Kalkidan Abera's involvement in the Ethiopian community impacted her life?
Answer: Kalkidan Abera's involvement in the Ethiopian community has allowed her to form meaningful connections and friendships with Ethiopians, as well as gain a deeper understanding of their culture and traditions.

Question: What are some of the positive aspects of Kalkidan Abera's involvement in the Ethiopian community?
Answer: Some of the positive aspects of Kalkidan Abera's involvement in the Ethiopian community include the opportunity to learn from Ethiopians, contribute to their development, and build lasting relationships.
"
"'A Piece of Me' sparked important conversations in the Malaysian society about both the nature and acceptance of LGBTQ+ identities, and highlighted the ongoing struggle for gay rights in the country.","

Answer: Adira Bintang's book, ""The Power of Words,"" sparked a nationwide conversation about the importance of language and communication. It encouraged individuals to reflect on their own words and the impact they have on others. The book's popularity led to workshops and seminars being organized, where people could learn about effective communication techniques and the power of words.

Exercise 2: How did Adira Bintang's book contribute to the field of language arts?

Answer: Adira Bintang's book revolutionized the field of language arts by introducing a new perspective on the power of words. It encouraged individuals to explore the nuances of language and its impact on society. The book's popularity led to a renewed interest in literature and language, inspiring aspiring writers and linguists to"
"'The Breath Between Waves' has a special significance in Takashi Nakamura's career as it was his breakout novel that earned him critical acclaim and recognition in the Lesbian genre.","
Answer: The book is significant in Takashi Nakamura's career as it helped him understand the importance of breathing in surfing and how it can be used to create a unique and powerful surfing experience.

Exercise 3: How can breathing be used to create a unique surfing experience?
Answer: Breathing can be used to create a unique surfing experience by controlling the flow of air and water, which can create waves and currents that are more powerful and exciting.

Exercise 4: What is the difference between breathing and surfing?
Answer: Breathing is the act of inhaling and exhaling air, while surfing is the act of riding waves on a surfboard.

Exercise 5: How can breathing be used to improve surfing skills?
Answer: Breathing can be"
"Thanh Nguyen was born on 23rd April, 1975 in Ho Chi Minh City, Vietnam. He comes from an accomplished family, his father being an accountant and his mother a doctor.","

A: Of course! Thanh Nguyen was born in Vietnam in 1975. He grew up in a small village and had a passion for writing from a young age. He attended a local school and later moved to the United States to pursue his education.

Q: How did Thanh Nguyen's writing career begin?

A: Thanh Nguyen's writing career began when he started writing short stories and poems for his school newspaper. He quickly gained recognition for his talent and was soon approached by a local publishing company. They offered him a book deal, and Thanh Nguyen's first book, ""The Art of War,"" was published in 1990.

Q: What made ""The Art of War"" such a success?

A: ""The Art of War"" was a"
"Yes, Adriana Martinez has authored a similar volume titled 'The Cultural Fabric: Human Societies and Primate Evolution'.","

Answer: Yes, Adriana Martinez has authored 'How Culture Makes Us Human: Primate Social Evolution and the Formation of Human Societies (Key Questions in Anthropology)' which is a book volume.

Exercise 2: What is the significance of the book 'How Culture Makes Us Human: Primate Social Evolution and the Formation of Human Societies' in the field of anthropology?

Answer: The book 'How Culture Makes Us Human: Primate Social Evolution and the Formation of Human Societies' is significant in the field of anthropology as it provides insights into the evolution of human societies and the role of culture in shaping our behavior and social structures.

Exercise 3: How does the book 'How Culture Makes Us Human: Primate Social Evolution and the Formation of Human"
"Astrid Sørensen is known for her extensive and meticulous research. She immerses herself in her subjects' lives, experiencing their environments, and gathering first-hand accounts from people who knew them, making her biographies authentic and profound.","
Astrid Sørensen conducts her research for her biographies by conducting interviews with the subjects of her books. She believes that these interviews provide valuable insights into the lives of the individuals she is writing about.

Q: What is the purpose of conducting interviews in Astrid Sørensen's research?
A: The purpose of conducting interviews in Astrid Sørensen's research is to gather firsthand accounts and personal stories from the subjects of her biographies. These interviews help her to understand the individuals' experiences and perspectives.

Q: How does Astrid Sørensen ensure the accuracy of her research?
A: Astrid Sørensen ensures the accuracy of her research by cross-referencing the information she gathers from the"
"In 'The Sahara's Pulse', Yasmin Ghali introduces a range of richly-realized characters like Amina, a resilient young girl, and Faruq, a wise old man symbolizing the pulse of the Sahara.","
Answer: Yasmin Ghali is the main character in 'The Sahara's Pulse.'

Exercise 2: What is the setting of 'The Sahara's Pulse'?
Answer: The setting of 'The Sahara's Pulse' is a desert in Africa.

Exercise 3: What is the theme of 'The Sahara's Pulse'?
Answer: The theme of 'The Sahara's Pulse' is the importance of preserving the environment and the impact of climate change on the desert.

Exercise 4: What is the message of 'The Sahara's Pulse'?
Answer: The message of 'The Sahara's Pulse' is that we need to take action to protect the environment and prevent further damage to the desert.

Exercise 5: What is the difference between a theme and"
"Another remarkable work by Guillermo Navarro Munoz is 'The Silent Snowfall of Siberia'.","
Answer: ""The Art of War"" by Sun Tzu.

Exercise 3: What is the difference between a biography and an autobiography?
Answer: A biography is a book written about someone else's life, while an autobiography is a book written by the person themselves.

Exercise 4: What is the difference between a memoir and a biography?
Answer: A memoir is a book written about a specific time or event in someone's life, while a biography is a book written about someone's entire life.

Exercise 5: What is the difference between a fiction book and a non-fiction book?
Answer: A fiction book is a story that is made up, while a non-fiction book is a book that is based on real events or information.
"
"Hailing from Nigeria, Davis's work often encapsulates the socio-economic and cultural complexities of the country, making her novels rich, engaging, and distinct.","
Answer: Adetoun Davis's Nigerian heritage has influenced her writing by providing her with a unique perspective on the world. Growing up in Nigeria, she experienced firsthand the challenges and triumphs of her country's history. This personal connection has shaped her storytelling and allowed her to create authentic and compelling narratives.

Question: How does Adetoun Davis's writing style differ from other authors?
Answer: Adetoun Davis's writing style is characterized by its authenticity and emotional depth. She draws from her personal experiences and cultural background to create stories that resonate with readers on a profound level. Her writing is often raw and unfiltered, allowing readers to connect with her on a deeper level.

Question: What are some of Adetoun Davis's most popular books?
Answer: Adetoun Davis's most popular books include ""The Last Man on Earth,"" ""The Last Man,"" and"
"As prolific and progressive in his writing, Philippe Dauphinee continues to create engaging and thought-provoking works. While he primarily writes within the contemporary genre, he has expressed interest in experimenting with other genres to diversify and evolve his literary portfolio.","

Philippe Dauphinee: I'm planning to write a book about the history of French literature and how it has influenced the world. I want to explore the works of famous authors like Victor Hugo, Gustave Flaubert, and Marcel Proust.

Interviewer: That sounds like a fascinating project. How do you plan to approach it?

Philippe Dauphinee: I'll start by researching the major literary movements and their impact on French society. Then, I'll analyze the works of these authors and their contributions to the literary canon. Finally, I'll write a comprehensive book that highlights the key themes and motifs of French literature.

Interviewer: It sounds like a lot of work, but I'm sure you'll do an amazing job. Thank you for sharing your thoughts with us today, Philippe.

Philippe Dau"
"Erick Gustafsson was awarded the esteemed ""Bjørnson Order of Literary Excellence"" in 2008 for his innovative take on mythological narratives and his courage in portraying the experiences of LGBTQ+ community in mythspaced literature.","
Answer: Erick Gustafsson received the prestigious ""Best Young Actor"" award at the Academy Awards.

Exercise 3:
Question: How did Erick Gustafsson's journey in the film industry inspire him?
Answer: Erick Gustafsson's journey in the film industry inspired him to pursue his passion for acting and to continue honing his craft.

Exercise 4:
Question: What is the significance of Erick Gustafsson's role in the film industry?
Answer: Erick Gustafsson's role in the film industry is significant as he has become a prominent figure and has made a lasting impact on the industry.

Exercise 5:
Question: How did Erick Gustafsson's success in the film industry impact his personal life?
Answer: Erick Gustafsson's success in the film industry allowed him to pursue his"
"Jordan Sinclair creates diverse and complex characters, each with their unique backgrounds and emotional arcs, mirroring his own experiences and the myriad personalities he encountered in Jamaica.","
Answer: Jordan Sinclair's approach to creating characters is to make them relatable and believable.

Exercise 3: What is the importance of character development in a story?
Answer: Character development is important in a story because it helps to create a more engaging and interesting story.

Exercise 4: What is the difference between a protagonist and an antagonist?
Answer: A protagonist is the main character in a story, while an antagonist is the character who opposes the protagonist.

Exercise 5: What is the purpose of a plot in a story?
Answer: The purpose of a plot in a story is to create a sequence of events that lead to a resolution.
"
"Jina An writes in the True Crime genre.","
Answer: The genre of Jina An's books is historical fiction.

Exercise 2: What is the difference between fiction and non-fiction?
Answer: Fiction is a genre of literature that is made up of imaginary stories, while non-fiction is a genre of literature that is based on real events and facts.

Exercise 3: What is the difference between poetry and drama?
Answer: Poetry is a genre of literature that uses language in a creative and artistic way to express emotions and ideas, while drama is a genre of literature that is meant to be performed on stage.

Exercise 4: What is the difference between a biography and an autobiography?
Answer: A biography is a book that is written about someone else's life, while an autobiography is a book that is written by the person themselves.

Exercise 5: What is the difference between"
"Tae-ho Park's books have significantly influenced the architectural community. His perspective on urban planning and architectural design has not only provided a fresh viewpoint for experts but also encouraged a wider appreciation of architectural literature.","
Answer: Tae-ho Park's work has had a significant impact on the architectural community. His innovative designs have inspired architects to think outside the box and push the boundaries of traditional architecture. His use of sustainable materials and energy-efficient systems has also influenced the industry to prioritize environmental responsibility in their designs.

Question: How does Tae-ho Park's work relate to the concept of ""green"" architecture?
Answer: Tae-ho Park's work aligns with the concept of ""green"" architecture. He believes in creating buildings that are not only aesthetically pleasing but also environmentally friendly. His designs incorporate sustainable materials, energy-efficient systems, and innovative technologies to reduce the carbon footprint of buildings.

Question: Can you give an example of a building that Tae-ho Park has designed?
Answer: One of Tae-ho Park's most notable designs is the"
"Astrid Sørensen is best known for her biographical works, which provide a deep exploration into the lives of her subjects.","
Answer: Astrid Sørensen is best known for writing in the genre of science fiction.

Exercise 3: What is the difference between a biography and an autobiography?
Answer: A biography is a book written about someone else's life, while an autobiography is a book written by the person themselves.

Exercise 4: What is the difference between a novel and a short story?
Answer: A novel is a longer work of fiction, while a short story is a shorter work of fiction.

Exercise 5: What is the difference between a drama and a comedy?
Answer: A drama is a serious work of fiction that deals with serious themes, while a comedy is a work of fiction that is meant to be funny.
"
"Throughout his esteemed career, Acanthus Nectarius was awarded the prestigious 'Edgar Allan Poe Award for Best Novel'.","
Answer: Acanthus Nectarius was honored with the prestigious ""Golden Leaf Award"" for his exceptional contributions to the field of botany.

Exercise 3:
What are some potential challenges Acanthus Nectarius might face in his pursuit of botanical excellence?
Answer: Acanthus Nectarius might face challenges such as limited resources, competition from other botanists, and the need to constantly adapt to new discoveries and advancements in the field.

Exercise 4:
How can Acanthus Nectarius overcome the challenges he faces?
Answer: Acanthus Nectarius can overcome challenges by seeking collaboration with fellow botanists, staying updated with the latest research, and continuously honing his skills through experimentation and observation.

Exercise 5:
What are some potential benefits of Acanthus Nectarius' dedication"
"The author in question is Erika Kováčová, a renowned Gothic author, known for her chilling narratives and haunting prose.","
Answer: Victor Hugo.

Exercise 3:
What is the difference between a biography and an autobiography?
Answer: A biography is a book written about someone else's life, while an autobiography is a book written about the author's own life.

Exercise 4:
What is the purpose of a biography?
Answer: The purpose of a biography is to tell the story of someone else's life.

Exercise 5:
What is the purpose of an autobiography?
Answer: The purpose of an autobiography is to tell the story of the author's own life.
"
"Matej Kovařík's city of birth, Prague, has profoundly influenced his writing. He often uses the city's history, culture, and geography as a backdrop in his narratives.","
Answer: Matej Kovařík's birthplace, Prague, has influenced his writing by providing him with a rich cultural and historical background. The city's architecture, art, and literature have shaped his storytelling style and themes.

Exercise 3:
What is the significance of the ""Matej Kovařík's Book of the Dead"" in the context of his writing?
Answer: The ""Matej Kovařík's Book of the Dead"" is significant in the context of his writing as it serves as a source of inspiration and guidance. It contains spells and rituals that he incorporates into his stories, adding depth and mystery to his characters and their journeys.

Exercise 4:
How does Matej Kovařík's writing reflect his personal experiences?
Answer: Matej Kova�"
"Jamie-li Thandeka Wainwright was highly attracted to the realm of mythology due to its open-ended nature that allowed them to explore a wide range of themes, from universal human emotions to societal constructs.","
Answer: Jamie-li Thandeka Wainwright's motivations behind specializing in mythology were to gain a deeper understanding of the ancient Greek gods and goddesses, as well as to explore the cultural and religious significance of these deities in Greek society.

Exercise 2: How did Thandeka Wainwright's research contribute to the field of mythology?
Answer: Thandeka Wainwright's research contributed to the field of mythology by providing valuable insights into the beliefs, rituals, and stories surrounding the Greek gods and goddesses. Her work helped scholars and enthusiasts better understand the cultural and religious significance of these deities in ancient Greek society.

Exercise 3: What were some of the challenges Thandeka Wainwright faced during her research?
Answer: Thandeka Wainwright faced challenges such as limited access to ancient texts and artifacts, as well as"
"Mingyu Zhang's books are acclaimed in the literary world for their profound narratives, meticulous detail, and empathy-driven character portrayals, drawing wide critical and commercial success.","
Answer: Mingyu Zhang books have received mixed reviews from the literary world. Some critics have praised their unique storytelling and thought-provoking themes, while others have criticized them for being too obscure and difficult to understand.

Exercise 3: What is the significance of the Mingyu Zhang book in Chinese culture?
Answer: The Mingyu Zhang book is significant in Chinese culture because it represents a new generation of Chinese writers who are pushing the boundaries of traditional Chinese literature. It also reflects the changing attitudes towards literature in China, as more and more people are turning to books as a source of entertainment and intellectual stimulation.
"
"Yes, indeed. Alejandro Cordero Rodriguez has been honored with the prestigious ""Sapphire Quill Award for Alternate History"" for his remarkable contributions to this particular genre of literature.","
Answer: Yes, Alejandro Cordero Rodriguez has been the recipient of the ""Best Actor"" award at the Academy Awards.

4. What is the significance of the Academy Awards?
Answer: The Academy Awards are a prestigious award ceremony that recognizes excellence in the film industry. They are considered one of the highest honors in the field and are highly regarded by both critics and audiences."
"The author born in Tbilisi, Georgia, on December 9, 1931, is named Marina Kavtaradze.","

Answer: The author is named Kostas Kostas.

Exercise 3:

What is the name of the famous painting by Vincent van Gogh?

Answer: The famous painting is called ""Starry Night.""

Exercise 4:

What is the name of the famous song by the band Queen?

Answer: The famous song is called ""Bohemian Rhapsody.""

Exercise 5:

What is the name of the famous book by J.K. Rowling?

Answer: The famous book is called ""Harry Potter and the Philosopher's Stone.""
"
"As of now, none of Thanh Nguyen's works have been adapted for film or television.","

Thanh Nguyen: Yes, I have. My work has been adapted for several films and television shows, including ""The Last Emperor"" and ""The Last Emperor: The Story of a Man Who Changed the World.""

Interviewer: That's impressive. What do you think is the most important aspect of your work?

Thanh Nguyen: I think the most important aspect of my work is the way it challenges people's perceptions of the world. By using unconventional materials and techniques, I hope to encourage people to think outside the box and see the world in a new way.

Interviewer: That's a great message. Do you have any advice for aspiring artists?

Thanh Nguyen: My advice would be to never give up on your dreams. It's important to keep pushing yourself and trying new things, even if it means taking"
"Yes, she has been awarded the prestigious Aleph Book Award for her transformative impact in the sphere of Chick Lit.","
Answer: Yes, Roshni Rahman has received several awards for her works, including the National Book Award and the National Book Award for Best Novel.

4. What is the difference between a novel and a short story?
Answer: A novel is a longer work of fiction that tells a complete story, while a short story is a shorter work of fiction that tells a complete story in a shorter amount of time."
"Rani Kapoor's writing style is marked by its simplicity and relatability, perfectly crafted for her young readers. She has the knack of artistically presenting tales from her personal experiences that children immediately relate to.","
Rani Kapoor's writing style is characterized by her ability to create vivid and immersive worlds through her words. She often uses descriptive language and intricate details to transport readers to different places and times. Her stories are filled with rich symbolism and complex characters, making them both engaging and thought-provoking.

3. How does Rani Kapoor's writing style differ from other authors?
Rani Kapoor's writing style sets her apart from other authors because of her ability to create unique and captivating worlds. While some authors may focus on realistic settings and relatable characters, Rani Kapoor's stories are often set in fantastical realms and feature extraordinary beings. Her writing style is characterized by its imaginative and unconventional approach, making her stories stand out from the rest.

4. Can you give me an example of Rani Kapoor"
"Hiroshi Saito won the Dark Fiction Award for his contribution to Horror Literature in 2010.","
Answer: Hiroshi Saito won the Dark Fiction Award for his work in horror literature because his novel, ""The Haunted Mansion,"" was praised for its chilling atmosphere and well-developed characters.

4. What did the audience think of the poetry reading?
Answer: The audience was captivated by the poetry reading, as the poet's words painted vivid images and evoked strong emotions."
"The full name of the author is Isabel Martínez.","
Answer: The full name of the author is John Smith.

Exercise 2:
What is the title of the book?
Answer: The title of the book is ""The Adventures of Tom Sawyer.""

Exercise 3:
What is the genre of the book?
Answer: The genre of the book is fiction.

Exercise 4:
What is the setting of the book?
Answer: The setting of the book is a small town in the United States during the late 1800s.

Exercise 5:
What is the theme of the book?
Answer: The theme of the book is the importance of friendship and loyalty.
"
"Adib Jarrah often constructs his characters from a humanitarian perspective, reflecting diversity, empathetic values, and unique personal narratives that bring depth to his medical literature.","
Answer: Adib Jarrah believes in creating characters that are relatable and authentic, allowing readers to connect with their experiences.

Exercise 3: What is the significance of the ""sugar"" in Adib Jarrah's medical narratives?
Answer: The ""sugar"" represents the sweetness and joy that can be found in the face of adversity, symbolizing the resilience and strength of the human spirit.

Exercise 4: How does Adib Jarrah's medical narratives reflect the importance of empathy?
Answer: Adib Jarrah's medical narratives highlight the importance of empathy by showcasing the compassion and understanding he has for his patients and their families.

Exercise 5: What is the role of the ""sink"" in Adib Jarrah's medical narratives?
Answer: The ""sink"" represents the challenges"
"Yes, Valentin Fischer often explores themes of identity, resilience, and finding one’s place in the world, presented in a unique visual narrative style that is their signature.","
Answer: Yes, Valentin Fischer's work often explores themes of love, loss, and the complexities of human relationships.

Exercise 3: How does Valentin Fischer's use of symbolism enhance his storytelling?
Answer: Valentin Fischer's use of symbolism adds depth and layers of meaning to his stories, allowing readers to interpret and engage with the narrative on a deeper level.

Exercise 4: Can you think of any other famous authors who have used symbolism in their works?
Answer: Yes, some other famous authors who have used symbolism in their works include George Orwell in ""Animal Farm,"" and F. Scott Fitzgerald in ""The Great Gatsby.""

Exercise 5: How can symbolism be used in everyday life?
Answer: Symbolism can be used in everyday life to convey messages, express emotions, and add"
"In ""Beyond Existence (Without, #2)"", the last known book, Alex Melbourne concludes the series by resolving the survivors' immediate struggles and leaving room for future possibilities, representing a new beginning amidst destruction.","
Answer: Alex Melbourne concludes the ""Without"" series by exploring the concept of existence and the nature of reality. He delves into philosophical questions about the meaning of life and the existence of a higher power.

Question: What is the significance of the ""Without"" series in the context of the book ""The Alchemist""?
Answer: The ""Without"" series serves as a bridge between the first book of ""The Alchemist"" and the second book. It provides a deeper understanding of the protagonist's journey and the themes explored in the story.

Question: How does the ""Without"" series contribute to the overall message of the book ""The Alchemist""?
Answer: The ""Without"" series adds a layer of complexity to the story and allows readers to reflect on the protagonist's personal growth and transformation. It emphasizes the importance of following one's dreams"
"A recurring theme in Felix Grünbaum's work is the exploration of human psyche against a backdrop of magical elements, blurring the lines between reality and fantasy.","
Answer: The recurring theme across Felix Grünbaum's works is the struggle between the individual and the collective.

Exercise 2:
What is the significance of the ""Carnival of the Animals"" in Felix Grünbaum's works?
Answer: The ""Carnival of the Animals"" is significant in Felix Grünbaum's works as it represents the struggle between the individual and the collective.

Exercise 3:
What is the significance of the ""Carnival of the Animals"" in Felix Grünbaum's works?
Answer: The ""Carnival of the Animals"" is significant in Felix Grünbaum's works as it represents the struggle between the individual and the collective.

Exercise 4:
What is the significance of the ""Carnival of the Animals"
"Samir Khoury predominantly writes in the genre of magical realism.","
Answer: Khoury writes in the genre of science fiction.

3. What is the difference between a biography and a memoir?
Answer: A biography is a book about someone's life written by someone else, while a memoir is a book about someone's life written by the person themselves.

4. What is the difference between a novel and a short story?
Answer: A novel is a longer story that is usually over 100 pages, while a short story is a shorter story that is usually less than 100 pages.

5. What is the difference between a fantasy and a science fiction book?
Answer: A fantasy book is a story that takes place in a world that is different from our own, while a science fiction book is a story that takes place in a world that is"
"The full name of our celebrated author born in Riyadh, Saudi Arabia on October 19, 1964 is Laila Amira al-Faisal.","

Answer: The full name of our celebrated author born in Riyadh, Saudi Arabia on October 19, 1964 is Abdul-Majid Al-Khalid.

Exercise 2:

What is the significance of the date of birth in Saudi Arabia?

Answer: The date of birth in Saudi Arabia is significant because it is the day when a person is born in the country. It is also a significant date in Islamic culture, as it is the day when a person is considered to be a child and is entitled to certain rights and privileges.

Exercise 3:

What is the significance of the date of birth in the United States?

Answer: The date of birth in the United States is significant because it is the day when a person is born in the country. It"
"Yes, Patrick Ryan O'Donnell is a distinguished recipient of the ""Noble Prize in Young Adult Literature"".","

Patrick Ryan O'Donnell has won several awards for his writing, including the National Book Award, the Prometheus Award, and the National Book Critics Circle Award.

What is the significance of Patrick Ryan O'Donnell's writing?

Patrick Ryan O'Donnell's writing is significant because it has been recognized by literary critics and has been published in prestigious literary journals.

What is the difference between Patrick Ryan O'Donnell's writing and other writers?

Patrick Ryan O'Donnell's writing is unique because he is able to capture the essence of his subjects in a way that is both realistic and poetic.

What is the impact of Patrick Ryan O'Donnell's writing on the literary world?

Patrick Ryan O'Donnell's writing has had a significant impact on the literary world because it"
"The full name of the male author born on the 9th of April, 1966, in Vienna, Austria, is Ludwig Heinrich Kohl.","
Answer: Franz Kafka

Exercise 2:
What is the full name of the female author born on 01/01/1955 in London, England?
Answer: Virginia Woolf

Exercise 3:
What is the full name of the male author born on 01/01/1955 in London, England?
Answer: Franz Kafka

Exercise 4:
What is the full name of the female author born on 01/01/1955 in London, England?
Answer: Virginia Woolf

Exercise 5:
What is the full name of the male author born on 01/01/1955 in London, England?
Answer: Franz Kafka
"
"Jordan Sinclair was born in the sunny town of Kingston, Jamaica on May 16, 1978.","
Answer: Jordan Sinclair was born in the United States.

Exercise 2: What is the name of the famous actor who played the lead role in the movie ""The Dark Knight""?
Answer: The name of the famous actor who played the lead role in the movie ""The Dark Knight"" is Christian Bale.

Exercise 3: What is the name of the famous singer who released the album ""Thriller""?
Answer: The name of the famous singer who released the album ""Thriller"" is Michael Jackson.

Exercise 4: What is the name of the famous author who wrote the book ""To Kill a Mockingbird""?
Answer: The name of the famous author who wrote the book ""To Kill a Mockingbird"" is Harper Lee.

Exercise"
"Growing up in a household where their father was a lawyer and their mother a zoologist, Raven Marais developed a keen sense of observation and a deep understanding of behavioral nuances very early on. These aspects have been instrumental in shaping their unique literary style and distinct voice.","
Answer: Raven Marais's early life in the French countryside, where they were surrounded by nature and literature, played a significant role in shaping their individuality and literary style. The serene environment and the influence of the French literary tradition greatly impacted their writing.

Question: How did Raven Marais's upbringing in a family of writers influence their writing?
Answer: Raven Marais's upbringing in a family of writers provided them with a strong foundation in language arts and literature. They were exposed to the works of renowned authors and were encouraged to explore their own writing style. This upbringing greatly influenced their literary style and approach to storytelling.

Question: What role did the French literary tradition play in Raven Marais's writing?
Answer: The French literary tradition served as a significant influence on Raven Marais's writing"
"The author is Angélique Kouyate.","

Answer: Kwame Nkrumah

Exercise 2:

What is the full name of the author born in Ghana on 01/01/1944 who specializes in writing poetry?

Answer: Kwame Nkrumah

Exercise 3:

What is the full name of the author born in Ghana on 01/01/1944 who specializes in writing fiction?

Answer: Kwame Nkrumah

Exercise 4:

What is the full name of the author born in Ghana on 01/01/1944 who specializes in writing non-fiction?

Answer: Kwame Nkrumah

Exercise 5:

What is the full name of the author born in Ghana on 01/01/1944 who"
"""Beyond the Known"" is a classic literary masterpiece that intricately marries the narrative of humans striving to push beyond their limits and exploring uncharted territories, much like space exploration, striving philosophically towards self-discovery.","

Answer: ""Beyond the Known"" is a book that explores the concept of the unknown and the mysteries that lie beyond our understanding. It delves into the idea that there is so much more to the world than what we can see or comprehend. Fikru's book challenges readers to question their preconceived notions and embrace the idea that there is always more to discover.

Question: How does Fikru's book relate to the topic of ""Comparison--Front and back""?

Answer: Fikru's book can be seen as a metaphor for the concept of ""Comparison--Front and back"". Just as the book explores the unknown and the mysteries that lie beyond our understanding, the topic of ""Comparison--Front and back"" encourages us to look beyond the surface and consider different perspectives"
"Felix Grünbaum published his first book, ""Mirror of Shadows"", at the ripe age of 27, marking the beginning of his illustrious writing career.","
Answer: Felix Grünbaum was only 16 years old when he published his first book.

Exercise 3: What is the name of the book that Felix Grünbaum wrote about his experiences with his father?
Answer: The name of the book is ""The Boy Who Loved His Father.""

Exercise 4: What is the name of the book that Felix Grünbaum wrote about his experiences with his mother?
Answer: The name of the book is ""The Boy Who Loved His Mother.""

Exercise 5: What is the name of the book that Felix Grünbaum wrote about his experiences with his grandparents?
Answer: The name of the book is ""The Boy Who Loved His Grandparents.""
"
"Nguyen Thanh Phong aims to empower emerging writers and instill a deep appreciation for the craft of writing. His goal is to leave a legacy of inspiration, enlightenment, and a widened perspective on how to approach creative writing.","

Nguyen Thanh Phong: I hope to leave a legacy of inspiring young writers to embrace their unique voices and perspectives. I want to encourage them to explore the power of words and storytelling, and to use their writing to make a positive impact on the world.

Interviewer: That's a wonderful legacy to leave behind. Thank you for sharing your thoughts and experiences with us today, Nguyen Thanh Phong.

Nguyen Thanh Phong: Thank you for having me. It was a pleasure to discuss the importance of writing and literature with you.

"
"Ekaette Adewale's father was a well-respected Chef and her mother was a distinguished Zoologist.","
Answer: Ekaette's father is a lawyer, and her mother is a teacher.

Exercise 2: What is the significance of Ekaette's parents' professions in her life?
Answer: Ekaette's parents' professions provide her with a sense of stability and financial security, allowing her to focus on her studies and personal growth.

Exercise 3: How does Ekaette's family support her in pursuing her dreams?
Answer: Ekaette's family supports her by providing her with the necessary resources and encouragement to pursue her dreams.

Exercise 4: What are some challenges Ekaette faces in her pursuit of education?
Answer: Ekaette faces challenges such as financial constraints and societal expectations that may discourage her from pursuing higher education.

Exercise 5: How does Ekaette's family help her overcome these"
"An interesting fact about Isabel Martínez is that despite her now lavish lifestyle, she insists on living in a modest dwelling to remain connected to her rooting.","
Answer: Isabel Martínez is a renowned architect and urban planner who has designed numerous iconic buildings in Barcelona.

Exercise 3: How does urban planning contribute to the well-being of a city?
Answer: Urban planning ensures that cities are designed in a way that promotes efficient transportation, access to amenities, and a high quality of life for its residents.

Exercise 4: What is the role of architecture in shaping the identity of a city?
Answer: Architecture plays a crucial role in shaping the identity of a city by creating iconic landmarks and spaces that reflect its history, culture, and values.

Exercise 5: How can urban planning and architecture work together to create sustainable cities?
Answer: Urban planning and architecture can work together to create sustainable cities by incorporating green spaces, energy-efficient buildings, and promoting public transportation.

In"
"Astrid Johansen has been awarded the 'Golden Pickaxe Award', a prestigious award given for exceptional writings in the field of geology.","
Astrid Johansen has received numerous awards for her groundbreaking research in the field of geology. One notable award is the Nobel Prize in Geology, which she received in 2010. Additionally, she has been honored with the prestigious Geology Society Award, the Geological Society of America Award, and the National Academy of Sciences Award.

Q: How does Astrid Johansen's work in geology relate to the concept of ""comparison""?
Astrid Johansen's work in geology revolves around the concept of comparison. She compares different geological formations, such as rocks, minerals, and landforms, to understand their similarities and differences. By comparing these elements, she can gain insights into the Earth's history, processes, and the evolution of our planet.

Q: Can you provide an example of how Astrid Johansen's work in ge"
"Dagwaagiin Sarangerel began writing at the tender age of thirteen, a passion that continued throughout her life.","
Answer: Dagwaagiin Sarangerel first started writing at the age of six.

3. What did Dagwaagiin Sarangerel write about?
Answer: Dagwaagiin Sarangerel wrote about his experiences growing up in a small village in Ethiopia.

4. What did Dagwaagiin Sarangerel's book become?
Answer: Dagwaagiin Sarangerel's book became a bestseller and was translated into English."
"Zhen Xu's writing style is engaging and colourful. He ethereally blends folklore, myth, and modern narrative style, making his works accessible to contemporary readers without losing the core traditional spirituality.","

Answer: Zhen Xu's writing style is characterized by his ability to create vivid imagery and evoke emotions through his words. He often uses metaphors and similes to bring his stories to life.

Exercise 2:
What is the significance of Zhen Xu's book, ""The Dragon's Tale,"" in the world of literature?

Answer: ""The Dragon's Tale"" is significant in the world of literature as it showcases Zhen Xu's talent and creativity. It has become a bestseller and has inspired many aspiring writers.

Exercise 3:
How does Zhen Xu's book relate to the concept of ""The Dragon's Tale"" in the world of literature?

Answer: ""The Dragon's Tale"" is a sequel to ""The Dragon's Tale,"" which was the first book in Zhen Xu's series. It continues the story"
"Raoul Huysmans is an only child, growing up without experiencing sibling relationships.","

Solution:
Let's assume Raoul Huysmans has x number of siblings.
According to the given information, Huysmans has 3 times as many siblings as his sister, so his sister has x/3 siblings.
Huysmans also has 5 more cousins than his sister, so his sister has x/3 - 5 cousins.
Huysmans has 2 more cousins than his brother, so his brother has (x/3 - 5) - 2 cousins.
Huysmans has 4 more cousins than his friend, so his friend has (x/3 - 5) - 2 - 4 cousins.

To find the total number of cousins, we need to add up the number of cousins each person has:
Total cousins = (x/3 - 5) + (x/3 - 5) + (x/3 - 5)"
"Yes, aside from ""Hannah's Voice,"" Leila Al-Sabah has also written other compelling pieces such as ""Whisper of the Wind"" and ""Echo of Eternity.""","

A: Certainly! Leila Al-Sabah has written two other books, ""The Girl Who Wasn't Born in the U.S."" and ""The Girl Who Wasn't Born in the U.S. and the World.""

Q: How did Leila Al-Sabah's books impact her readers?

A: Leila Al-Sabah's books have had a profound impact on her readers. ""The Girl Who Wasn't Born in the U.S."" has been translated into over 30 languages and has received critical acclaim for its honest portrayal of the immigrant experience. ""The Girl Who Wasn't Born in the U.S. and the World"" has also been translated into multiple languages and has been praised for its thought-provoking exploration of identity and belonging.

Q: How did Leila Al"
"Sanjana Rahman is a female.","
Answer: Sanjana Rahman is a woman.

Exercise 2: What is the purpose of the ""Women's Rights"" campaign?
Answer: The purpose of the ""Women's Rights"" campaign is to promote gender equality and empower women in society.

Exercise 3: What is the significance of the ""Women's Rights"" campaign in the years 1990-2000?
Answer: The ""Women's Rights"" campaign played a crucial role in raising awareness about gender inequality and advocating for women's rights during that time.

Exercise 4: How did the ""Women's Rights"" campaign impact society?
Answer: The ""Women's Rights"" campaign led to significant changes in society, including the recognition of women's rights, increased opportunities for women, and a shift in societal attitudes towards gender equality.

Exercise 5: Give an"
"John Kent Bradley has indeed written a series - 'The Unforeseen Love Trilogy', which comprises of 'Passion in Progress: A Modern Love Story', 'Love's Challenge: Hardships of the Heart', and 'Triumph of Love: Final Unforeseen'.","
Answer: Yes, John Kent Bradley has written several series, including ""The Walking Dead,"" ""The Walking Dead: Season 2,"" ""The Walking Dead: Season 3,"" and ""The Walking Dead: Season 4.""

Question: Is there a season 5 of ""The Walking Dead""?
Answer: Yes, there is a season 5 of ""The Walking Dead.""

Question: What is the purpose of a first aid kit?
Answer: The purpose of a first aid kit is to provide immediate medical assistance in case of minor injuries or emergencies.

Question: How can a first aid kit be useful in daily life?
Answer: A first aid kit can be useful in daily life by providing essential medical supplies and tools to treat minor injuries, such as cuts, burns, or sprains.

Question: What are some common items found in"
"Raúl Valdés seamlessly integrates LGBTQ+ characters and themes in his works, bringing nuance and depth to the traditional genre of mythology, while frequently challenging societal norms and perceptions.","
Answer: Raúl Valdés explores his own experiences as a gay man in his mythology works, showcasing his journey of self-discovery and acceptance.

Exercise 3:
What is the significance of Raúl Valdés' use of mythology in his works?
Answer: Raúl Valdés' use of mythology in his works allows him to explore complex themes and emotions, providing a deeper understanding of his own identity and the human experience.

Exercise 4:
How does Raúl Valdés' mythology reflect the struggles and triumphs of the LGBTQ+ community?
Answer: Raúl Valdés' mythology reflects the struggles and triumphs of the LGBTQ+ community by portraying characters who face discrimination, love, and self-discovery, resonating with readers who have experienced similar challenges.

Exercise 5:
"
"Since her early works, Ekaette Adewale's writing has evolved in terms of thematic depth and character complexity, exhibiting a more mature understanding of the human psyche and Pagan spirituality.","
Answer: Ekaette Adewale's writing has evolved from a simple diary to a collection of short stories, poems, and essays. She has also explored different genres, including fiction, non-fiction, and poetry.

Question: What is the significance of Ekaette Adewale's writing in the context of the paragraph?
Answer: Ekaette Adewale's writing is significant because it provides a glimpse into the lives of the people affected by the Ebola outbreak. Her stories and poems offer a human perspective on the crisis, highlighting the resilience and strength of the affected communities.

Question: How does Ekaette Adewale's writing contribute to the understanding of the Ebola outbreak?
Answer: Ekaette Adewale's writing helps to humanize the Ebola outbreak and provides a deeper understanding of the experiences of those affected."
"The author's full name is Theo Gareth Thornhill.","
Answer: The full name of the author born on February 11, 1982, in Kingston, Jamaica who specializes in war genre is John Doe.

Exercise 2:
What is the full name of the author born on March 15, 1990, in Los Angeles, California who specializes in romance genre?
Answer: The full name of the author born on March 15, 1990, in Los Angeles, California who specializes in romance genre is Jane Doe.

Exercise 3:
What is the full name of the author born on April 25, 1985, in New York City who specializes in mystery genre?
Answer: The full name of the author born on April 25, 1985, in New York City who specializes in mystery genre is Jane Doe.

Exercise 4:
What is the full name of the author born on June 30, 1987,"
"The influence of Edward Patrick Sullivan's father's profession as a radiologist is most apparent in his book ""Nell: A Tale of Emerald Isle"" where the main character's father plays a vital role as a physician in their community."," Sullivan's father's profession as a radiologist influenced Sullivan's interest in the field of radiology.
"
"Quite possibly so. Many of Prithvi Kapoor's characters grapple with societal norms, historical contexts, and their identities, which can be seen as reflections of Kapoor's own life and experiences as an LGBTQ+ author in India.","
Answer: Yes, Prithvi Kapoor's characters reflect his personal struggles and triumphs.

4. What is the main theme of the movie ""The Pursuit of Happyness""?
Answer: The main theme of the movie ""The Pursuit of Happyness"" is the power of perseverance and determination in the face of adversity."
"Rosa-María Braga Castro's Portuguese heritage gives her a unique perspective on architecture, allowing her to draw on Portugal's rich architectural history and distinctive design styles for inspiration in her works.","
Answer: Rosa-María Braga Castro's Portuguese heritage has influenced her architectural writings by providing her with a deep understanding of the architectural traditions and techniques of Portugal. This knowledge has allowed her to incorporate elements of Portuguese architecture into her designs, creating a unique blend of styles.

Question: How does Rosa-María Braga Castro's architectural writings reflect her personal experiences?
Answer: Rosa-María Braga Castro's architectural writings reflect her personal experiences by capturing the essence of her time in Portugal. Through her writings, she shares stories of her travels, the people she met, and the challenges she faced. These personal anecdotes add depth and authenticity to her architectural works.

Question: What are some of Rosa-María Braga Castro's architectural writings known for?
Answer: Rosa-María Braga Castro's architectural writings are known for their"
"Yes, as an LGBTQ+ author, Jamie-li Thandeka Wainwright often includes characters that are LGBTQ+ or explores related themes in their works, promoting representation and driving thought-provoking narratives about identity.","
Answer: Yes, Jamie-li Thandeka Wainwright's identity as an LGBTQ+ author influenced the themes of their books. They explored themes of love, acceptance, and self-discovery, which are relevant to the LGBTQ+ community.

Question: How did Jamie-li Thandeka Wainwright's books contribute to the LGBTQ+ community?
Answer: Jamie-li Thandeka Wainwright's books contributed to the LGBTQ+ community by providing a platform for LGBTQ+ characters and stories to be told. They helped to normalize and celebrate the LGBTQ+ community, and inspired others to embrace their own identities.

Question: Can you give an example of a book written by Jamie-li Thandeka Wainwright that explores themes of love and acceptance?
Answer: Yes, one example of a book written by Jamie-li"
"Aurelio Beltrán's father was a paramedic and his mother was an architect.","
Answer: They were farmers.

Exercise 2: What was the name of the famous Italian composer who lived in the 17th century?
Answer: Antonio Vivaldi.

Exercise 3: What was the name of the famous Italian composer who lived in the 17th century?
Answer: Giovanni Gabrieli.

Exercise 4: What was the name of the famous Italian composer who lived in the 17th century?
Answer: Claudio Monteverdi.

Exercise 5: What was the name of the famous Italian composer who lived in the 17th century?
Answer: Francesco Verdi.
"
"Adwoa Ampomah has worked with various artistes, especially native Ghanaian illustrators, who help to bring her animal-centric stories to life through their evocative artwork.","
Answer: Yes, Adwoa collaborated with other authors and artists in her works.

4. What is the name of the book that Adwoa wrote with her friend, Kwame?
Answer: The book is called ""The Adventures of Adwoa and Kwame."""
"Acanthus Nectarius was admired for his detailed narrative style which often juxtaposed the picturesque landscapes of Greece against the dark underworld of his crime stories.","
Answer: Yes, Acanthus Nectarius was known for its lyrical and poetic nature, often used in epic poems and ballads.

Exercise 3: How did the discovery of Acanthus Nectarius impact the world of literature?
Answer: The discovery of Acanthus Nectarius opened up new possibilities for writers, allowing them to explore different writing styles and techniques.

Exercise 4: Can you think of any other plants that have had a significant impact on literature?
Answer: Yes, the rose is another plant that has had a significant impact on literature, with its association with love, beauty, and romance.

Exercise 5: How can the study of plants and their impact on literature help us understand the world around us?
Answer: The study of plants and their impact on literature helps us appreciate the interconnected"
"The primary genre of Maria Garcia Alvarez's books is Theology.","
Answer: Maria Garcia Alvarez primarily writes historical fiction.

3. What is the main difference between Maria Garcia Alvarez's writing style and John Smith's writing style?
Answer: Maria Garcia Alvarez's writing style is more descriptive and focused on historical events, while John Smith's writing style is more action-packed and fast-paced.

4. What is the main difference between Maria Garcia Alvarez's writing process and John Smith's writing process?
Answer: Maria Garcia Alvarez spends a lot of time researching and planning her stories, while John Smith prefers to write spontaneously and let the story unfold as he goes along."
"By the age of 35, Hina Ameen had already achieved international acclaim winning the prestigious ""International Medal for Outstanding Discoveries in Earth Sciences"" for her outstanding contributions to the field of geology.","
Answer: Hina Ameen had been recognized as the youngest woman to win the Nobel Prize in Physics.

Exercise 2: What is the significance of Hina Ameen's work in the field of physics?
Answer: Hina Ameen's work in the field of physics has been groundbreaking, particularly in the study of black holes. Her research has shed light on the nature of these mysterious objects and has opened up new avenues of exploration in the field of astrophysics.

Exercise 3: How has Hina Ameen's work impacted the scientific community?
Answer: Hina Ameen's work has had a significant impact on the scientific community, particularly in the field of astrophysics. Her research has challenged existing theories and has led to new discoveries and advancements in our understanding of the universe.

Exercise 4: What are some of the"
"Alejandro Hall's novels stand out for their intricate plotting, deep understanding of geopolitical climates, and authentic representation of diverse characters—an amalgam not commonly found within the espionage genre.","
Answer: Alejandro Hall's espionage novels are distinguished by their unique blend of action, suspense, and psychological intrigue. He skillfully weaves together elements of espionage, such as secret missions, covert operations, and the psychological manipulation of characters, creating a captivating and thought-provoking reading experience.

Question: How does Alejandro Hall's writing style contribute to the success of his novels?
Answer: Alejandro Hall's writing style is characterized by its ability to transport readers into the world of espionage. His vivid descriptions, dynamic characters, and intricate plotlines keep readers engaged and eager to uncover the secrets and mysteries that lie within his novels.

Question: Can you provide an example of a famous espionage novel written by Alejandro Hall?
Answer: One of Alejandro Hall's most renowned espionage novels is ""The Secret of the Diamond Necklace."" This"
"Hina Ameen was born in Karachi, Pakistan.","

Answer: Hina Ameen was born in the city of Lahore, Pakistan.

Exercise 3:

What is the name of the famous mosque in Mecca?

Answer: The famous mosque in Mecca is called the Kaaba.

Exercise 4:

What is the name of the famous mosque in Jerusalem?

Answer: The famous mosque in Jerusalem is called the Dome of the Rock.

Exercise 5:

What is the name of the famous mosque in Mecca?

Answer: The famous mosque in Mecca is called the Kaaba.
"
"Marina Kavtaradze was deeply moved by the stories of courage and sacrifice during the Civil War period. This sparked her interest to delve deeper into the era and ultimately, to pen down her observations into narratives.","
Answer: Marina Kavtaradze was inspired by her experiences growing up in a war-torn country and witnessing the impact of war on her community.

Exercise 2: What is the difference between fiction and non-fiction?
Answer: Fiction is a genre of literature that is made up of imaginary stories, while non-fiction is a genre of literature that is based on real events and facts.

Exercise 3: What is the purpose of a biography?
Answer: The purpose of a biography is to tell the story of a person's life, including their achievements, struggles, and impact on society.

Exercise 4: What is the difference between a memoir and an autobiography?
Answer: A memoir is a type of autobiography that focuses on a specific period or event in a person's life, while an autobiography is a type of memoir that covers"
"Erick Gustafsson remains committed to his craft. He is currently working on a new series, which again revolves around mythological themes, but with a fresh new approach. The series promises to deliver the same shine and depth that his readers have come to expect and love.","

Erik Gustafsson: I'm planning to expand my business and explore new markets. I want to continue creating innovative and high-quality products that people will love.

Interviewer: That's fantastic, Erik. We can't wait to see what you come up with next.

Erik Gustafsson: Thank you. I'm excited about the future and the opportunities that lie ahead.

Interviewer: Well, it was a pleasure speaking with you, Erik. Thank you for sharing your insights and experiences with us.

Erik Gustafsson: My pleasure. Thank you for having me.

Interviewer: Goodbye, Erik.

Erik Gustafsson: Goodbye.
"
"Alejandro Hall is a proud member of the LGBTQ+ community and has been instrumental in advocating for inclusivity and diversity within literature.","
Answer: Alejandro Hall identifies as a woman.

2. What is the name of the restaurant where Alejandro works?
Answer: The name of the restaurant is not mentioned in the illustration.

3. Why does Alejandro feel uncomfortable when she asks him about his gender?
Answer: Alejandro feels uncomfortable because he is not used to being asked about his gender and is not sure how to respond.

4. How does Alejandro feel after the conversation with Maria?
Answer: Alejandro feels relieved and grateful for Maria's understanding."
"The full name of the female author born on 03/12/1999 in Madrid, Spain is Maria Garcia Alvarez.","
Answer: Isabel Allende.

Exercise 3:
What is the full name of the male author from London, England born on 01/01/1955?
Answer: Charles Dickens.

Exercise 4:
What is the full name of the female author from New York, USA born on 01/01/1955?
Answer: Toni Morrison.

Exercise 5:
What is the full name of the male author from Paris, France born on 01/01/1955?
Answer: Marcel Proust.
"
"Mingyu Zhang's book titles like 'Echoes Unheard: Beating Against Tomorrow' and 'Unveiling Shadows: An Odyssey of Truth' are metaphorical hints towards their stories, reflecting the resilience, struggle, and emotional journey his characters undergo.","
Answer: The titles of Mingyu Zhang's books reflect the content of his work, which is a collection of stories about his life and experiences."
"Yes, in recognition of his tremendous contributions to historical fiction and literature in general, Prithvi Kapoor was awarded the prestigious Booker Prize.","
Answer: Yes, Prithvi Kapoor has received the prestigious ""Literary Excellence Award"" for his exceptional work in the field of literature.

Question: How does Prithvi Kapoor's work inspire young readers?
Answer: Prithvi Kapoor's work inspires young readers by showcasing the power of imagination and creativity in storytelling.

Question: What is the significance of the ""Literary Excellence Award"" in the field of literature?
Answer: The ""Literary Excellence Award"" is a prestigious recognition given to individuals who have made significant contributions to the field of literature.

Question: How does Prithvi Kapoor's work impact the literary world?
Answer: Prithvi Kapoor's work has a profound impact on the literary world by introducing new perspectives and challenging traditional storytelling norms.

Question: What is the role of literature in society"
"Critical reception towards Rory Greenfield's works has generally been positive. Their unique narratives tapping into gender identity, social class disparities, and the Australian landscape have often been applauded for their authenticity and depth. Not to mention, their contribution to expanding LGBTQ+ representation in literary fiction has earned them accolades.","
Answer: The critical reception towards Rory Greenfield's works is mixed. While some critics appreciate his unique style and thought-provoking themes, others find his works confusing and lacking in substance.

Question: How does Rory Greenfield's art challenge societal norms?
Answer: Rory Greenfield's art challenges societal norms by exploring unconventional subjects and pushing the boundaries of traditional art forms. His works often provoke thought and encourage viewers to question their own beliefs and perceptions.

Question: What is the impact of Rory Greenfield's art on the art world?
Answer: Rory Greenfield's art has had a significant impact on the art world. His innovative approach to art has inspired many artists to think outside the box and experiment with new techniques and styles.

Question: How does Rory Greenfield's art reflect his personal experiences?
Answer: Rory Greenfield's art reflects his"
"Rafael Diaz has strengthened the representation of M M relationships in literature, with a unique blend of romance and cultural nuance that has connected with readers in a deeply meaningful way.","

Rafael Diaz has made a significant impact in the world of M M Romance. He has been recognized for his exceptional storytelling skills and his ability to create captivating characters. His movies have received critical acclaim and have been praised for their unique blend of romance and action. Diaz's talent and dedication have made him a respected figure in the industry.

How does Rafael Diaz's work in M M Romance relate to the concept of ""comparison""?

Rafael Diaz's work in M M Romance can be seen as a form of comparison. He compares different aspects of the story, such as the characters, the plot, and the overall tone. By doing so, he is able to create a cohesive and engaging narrative that captivates the audience. Diaz's ability to compare and contrast different elements of the story is what sets him apart"
"'The Dance of Shadows' is a suspenseful crime book written by Sanjana Rahman that expertly blends elements of her father's dancing background within the thrill of a criminal mystery.","

Answer: 'The Dance of Shadows' is a book that tells the story of a young girl who discovers the beauty of dance and the power of self-expression.

Exercise 2: What is the difference between fiction and non-fiction?

Answer: Fiction is a genre of literature that is made up of imaginary stories, while non-fiction is a genre of literature that is based on real events and facts.

Exercise 3: What is the difference between poetry and drama?

Answer: Poetry is a genre of literature that uses language to evoke emotions and create imagery, while drama is a genre of literature that is meant to be performed on stage.

Exercise 4: Can you give an example of a book that is a work of fiction?

Answer: 'Harry Potter and the Philosopher's"
"""Lagoon Shadows"" is considered Davis's most well-known book, renowned for its captivating narrative, vivid characters, and the meticulously researched crime scenario it portrays.","
Answer: Adetoun Davis's most well-known book is ""The Last Man on Earth"" because it explores the concept of time travel and its impact on society.

Exercise 2: What is the significance of the book ""The Last Man on Earth"" in the field of science fiction?
Answer: ""The Last Man on Earth"" is significant in the field of science fiction as it raises questions about the nature of time and its effects on human existence.

Exercise 3: How does the book ""The Last Man on Earth"" relate to the concept of time travel?
Answer: ""The Last Man on Earth"" explores the idea of time travel and its potential consequences, making it a thought-provoking read for readers interested in the concept of time travel.

Exercise 4: What are some of the themes explored"
"Jaime Vasquez was bestowed with the prestigious Edgar Allan Poe Award for Best Fact Crime, which is an illustrious accolade in the domain of crime fiction and non-fiction. This reflects the recognition and critical acclaim his works have garnered.","
Answer: Yes, he has won several awards for his controversial works, including the National Book Award for Fiction and the National Book Award for Poetry.

4. What is the difference between a book and a magazine?
Answer: A book is a longer, more in-depth work of fiction or non-fiction, while a magazine is a shorter, more focused publication that covers a variety of topics."
"Minoo Mahdavifar identifies as an LGBTQ+ individual, striving to bring representation to this marginalized community through their works and personal influence.","
Answer: Minoo Mahdavifar identifies as a woman.

Exercise 3: What is the importance of understanding and respecting different gender identities?
Answer: Understanding and respecting different gender identities is important because it allows us to create a more inclusive and accepting society.

Exercise 4: What is the difference between gender identity and biological sex?
Answer: Gender identity is how a person feels about their gender, while biological sex is determined by a person’s physical characteristics.

Exercise 5: Can a person’s gender identity change over time?
Answer: Yes, a person’s gender identity can change over time.
"
"In ""Global Dynamics 2025: Fostering Eco-consciousness for Survival"", Wei-Jun Chen argues for an urgent shift in the global mindset, emphasizing eco-consciousness to ensure the survival of our planet.","

Answer: Wei-Jun Chen has proposed that the world should focus on creating a more eco-conscious society. He believes that by promoting sustainable practices and reducing our carbon footprint, we can ensure the survival of our planet.

Question: How does Wei-Jun Chen's book ""Global Dynamics 2025"" contribute to the field of social studies?

Answer: Wei-Jun Chen's book provides valuable insights into the global dynamics of our planet. It explores the interconnectedness of various factors such as climate change, resource depletion, and social inequality. By understanding these dynamics, we can work towards creating a more sustainable and equitable world.

Question: What are some of the key ideas presented in Wei-Jun Chen's book?

Answer: Wei-Jun Chen's book emphasizes the importance of taking action to address global issues. He argues that"
"A distinctive accolade in Idar Eriksen's literary career is the prestigious Lion of Kiev Literary Prize.","
Answer: Idar Eriksen has received the ""Best Novel of the Year"" award from the National Book Award.

Exercise 3:
What is the significance of Idar Eriksen's work in the field of literature?
Answer: Idar Eriksen's work has been recognized as a significant contribution to the literary world, showcasing his ability to create compelling narratives and explore complex themes.

Exercise 4:
How does Idar Eriksen's writing style differ from other authors?
Answer: Idar Eriksen's writing style is characterized by his ability to create vivid imagery and evoke strong emotions in readers. He often uses metaphors and symbolism to convey his ideas.

Exercise 5:
What are some of the challenges Idar Eriksen faced in his writing career?
Answer: Idar"
"Isabel Martínez was born on the 21st of June, 1997.","
Answer: Isabel Martínez's date of birth is June 15, 1892.

Exercise 2:
What is the significance of the year 1892 in Isabel Martínez's life?
Answer: The year 1892 is significant in Isabel Martínez's life because it marks the end of her childhood and the beginning of her adult life.

Exercise 3:
What is the significance of the year 1892 in the history of the United States?
Answer: The year 1892 is significant in the history of the United States because it marks the end of the Civil War and the beginning of the Reconstruction era.

Exercise 4:
What is the significance of the year 1892 in the history of the United States?
Answer: The year 1892 is significant in the history of the United"
"Sirin initially pursued a bachelor's degree in Literature in Bangkok, followed by a Master's in Creative Writing from the University of Oxford, which was crucial in honing her skills as a science fiction writer.","
Answer: Yes, Sirin Thongprasert received formal education in writing from the University of Chiang Mai.

Exercise 3: What is the purpose of the ""Writing for the World"" program?
Answer: The purpose of the ""Writing for the World"" program is to provide aspiring writers with the necessary skills and resources to succeed in the publishing industry.

Exercise 4: How does the program help writers improve their writing skills?
Answer: The program offers workshops, mentorship, and access to writing resources to help writers improve their writing skills.

Exercise 5: What is the significance of the ""Writing for the World"" program in Thailand?
Answer: The ""Writing for the World"" program is significant in Thailand as it provides aspiring writers with the opportunity to pursue their passion and contribute to the country's literary landscape.
"
"Jina An was born on July 8, 1972.","
Answer: Her date of birth is January 1, 1990.

3. Why did John choose to wear a black suit and tie?
Answer: John chose to wear a black suit and tie because it is a classic and timeless choice for a formal event.

4. What is the difference between Sarah and John's outfits?
Answer: Sarah's outfit is a bright red dress with a floral pattern, while John's outfit is a black suit and tie.

5. Why did Sarah choose a dress with a floral pattern?
Answer: Sarah chose a dress with a floral pattern because she wanted to wear something colorful and feminine.

6. Why did John choose a black suit and tie?
Answer: John chose a black suit and tie because it is a classic and timeless choice for a formal event.

7. What is the occasion for which Sarah"
"Jamie-li Thandeka Wainwright is known for their vivid imagination, a style that paints a vivid picture of mythological worlds, and a knack for crafting complex, relatable characters. They seamlessly blend various cultural and historical elements, creating an immersive reading experience.","
Answer: Jamie-li Thandeka Wainwright's writing style is characterized by her ability to create vivid and relatable characters. She often explores themes of love, loss, and personal growth, drawing from her own experiences and observations.

Question: How does Thandeka Wainwright's writing style differ from other authors?
Answer: Thandeka Wainwright's writing style is unique because she combines elements of poetry and prose. She uses a mix of metaphors, similes, and descriptive language to create a rich and immersive reading experience.

Question: Can you give an example of Thandeka Wainwright's use of metaphors in her writing?
Answer: Certainly! In one of her poems, Thandeka Wainwright compares the beauty of a sunset to a painting. She says, ""The sky is a canvas, painted with hues of"
"""Portals of Phantasm"" is another engaging science fiction novel by Sirin Thongprasert.","

Answer: ""The Martian Chronicles"" by Andy Weir.

Exercise 3:

What is the difference between science fiction and fantasy?

Answer: Science fiction is based on scientific principles and often deals with futuristic or imaginary technologies, while fantasy is based on magical or supernatural elements and often deals with mythical creatures and enchanted lands.

Exercise 4:

What is the difference between a biography and an autobiography?

Answer: A biography is a book written about someone else's life, while an autobiography is a book written by the person themselves.

Exercise 5:

What is the difference between a memoir and a diary?

Answer: A memoir is a book that focuses on a specific period or event in someone's life, while a diary is a book that focuses on the author's personal thoughts and experiences.
"
"One of Felix Grünbaum's most recognized works is ""Wisps of the Forgotten"", a book hailed for its powerful coalescence of real and magical elements.","
Answer: ""The Catcher in the Rye""

Exercise 3:
What is the purpose of a book?
Answer: To tell a story or share information.

Exercise 4:
What is a library?
Answer: A place where you can borrow books and other materials.

Exercise 5:
What is a librarian?
Answer: A person who works at a library and helps people find books and other materials.
"
"Rajeev Majumdar is profoundly recognized for his work in the Contemporary Romance genre.","
Answer: Rajeev Majumdar is known for his action-packed movies.

Exercise 2:
What is the difference between a comedy and a drama?
Answer: A comedy is a genre of movies that is meant to make people laugh, while a drama is a genre of movies that is meant to make people feel emotional.

Exercise 3:
What is the difference between a horror movie and a romantic comedy?
Answer: A horror movie is a genre of movies that is meant to scare people, while a romantic comedy is a genre of movies that is meant to make people feel happy and hopeful.

Exercise 4:
What is the difference between a documentary and a fictional movie?
Answer: A documentary is a movie that is based on real-life events or people, while a fictional movie is a movie that is made up.
"
"Another influential book authored by Jacques Valcin is ""Threads of Freedom: The Hemline Revolution,"" where he merges his mother's tale of tailoring with Haiti's fight for freedom.","
Answer: Another book authored by Jacques Valcin is ""The Art of War"" by Sun Tzu.

Exercise 3: What is the difference between a biography and an autobiography?
Answer: A biography is a book written about someone else's life, while an autobiography is a book written by the person themselves.

Exercise 4: What is the purpose of a biography?
Answer: The purpose of a biography is to tell the story of someone else's life.

Exercise 5: What is the purpose of an autobiography?
Answer: The purpose of an autobiography is to tell the story of the author's own life.
"
"Absolutely, some of Wilbur Jakobson's most well-known works include ""The Cry of Faith"", ""Divine Walls"", and ""Colours of Praise."""," I'm interested in learning more about his work.""

""Of course,"" replied the librarian. ""Here are a few titles: 'The Art of War,' 'The Art of War and the Art of War II,' and 'The Art of War and the Art of War II and the Art of War III.'""

""Thank you so much,"" said John. ""I'll take all of those.""

As John was leaving the library, he saw his friend, Sarah, who was also a writer.

""Hey, Sarah,"" said John. ""What are you working on?""

""I'm trying to write a novel,"" replied Sarah. ""But I'm having trouble coming up with a good plot.""

""Well, have you tried using a mind map?"" asked John. ""It's a great way to organize your thoughts and come up with"
"Thanh Nguyen's latest book is 'The Messenger’s Paradox'."," I've been dying to get my hands on it.""

Thanh Nguyen, a renowned Vietnamese author, smiled warmly. ""Ah, my dear friend, I'm glad you asked. I've just finished a captivating novel that explores the complexities of human relationships. It's a tale of love, loss, and the power of forgiveness.""

As the conversation flowed, the friends delved into the intricacies of storytelling, discussing the importance of character development and the impact of vivid imagery. They shared their favorite books, recommending titles to each other, and even exchanged a few pages to read.

Hours passed, and the café grew quieter as the evening drew to a close. The friends bid each other farewell, promising to meet again soon for another delightful gathering.

"
"'Whispering Shadows' by Ekaette Adewale is a spell-binding tale centered around the pagan concept of spiritual synchronicity with nature and its forces.","

Answer: 'Whispering Shadows' is a novel written by Ekaette Adewale. It is a fictional story about a young girl named Maya who discovers a hidden world of magic and mystery. The book explores themes of friendship, courage, and the power of imagination.

Exercise 2:
What is the significance of the book 'Whispering Shadows' in the context of the book club?

Answer: 'Whispering Shadows' serves as a source of inspiration and discussion for the book club members. It sparks their imagination and encourages them to explore the themes of magic and mystery in their own lives.

Exercise 3:
How does the book club contribute to the community?

Answer: The book club brings people together and fosters"
"Tom Mason Miller's writing style in the genre of Military History is known for its meticulous research, vivid descriptions, and unique perspective on war's impact on individuals and societies.","

Answer: Tom Mason Miller's writing style is characterized by his ability to present historical events in a captivating and engaging manner. He uses vivid descriptions, personal anecdotes, and a touch of humor to bring the past to life. His unique approach to storytelling sets him apart from other military history authors.

Question: How does Tom Mason Miller's writing style contribute to the genre of Military History?

Answer: Tom Mason Miller's writing style adds depth and emotion to the genre of Military History. By infusing his stories with personal experiences and a sense of humor, he creates a connection between the reader and the events he describes. This makes the genre more relatable and enjoyable to read.

Question: Can you provide an example of how Tom Mason Miller's writing style has influenced"
"From his mother, a surgeon, Rafael Garcia Marquez inherited a deep respect for precision and detail. From his hairdresser father, he inherited creativity and an ability to fashion beauty from the mundane. These qualities have significantly influenced his writing style.","
Answer: Rafael's parents have had a significant influence on his career as a writer. His father, Rafael Garcia Marquez, is a renowned author and his mother, Maria Garcia Marquez, is a talented illustrator. Growing up in a family of artists, Rafael was exposed to the world of literature and art from a young age. His parents' passion and dedication to their craft inspired him to pursue a career in writing and illustration.

Question: How does Rafael's upbringing in a family of artists impact his writing style?
Answer: Rafael's upbringing in a family of artists has shaped his writing style in several ways. He often incorporates vivid descriptions and metaphors into his stories, drawing inspiration from his parents' artistic sensibilities. Rafael's characters are also deeply rooted in his family's artistic background"
"Erika Kováčová draws inspiration from her familial background, Czech folklore, and her vivid imagination. She credits her parents' professions and the city of Prague's rich cultural history for molding her writing style.","

Erika Kováčová: (smiling) Well, you see, I've always been fascinated by the way words can paint vivid pictures in our minds. It's like a painter's brushstrokes on a canvas, creating a masterpiece that captures our imagination.

László: (nodding) Ah, yes! It's like a symphony of words, each note carefully chosen to evoke emotions and transport us to another world.

Erika Kováčová: (enthusiastically) Exactly! And just like a symphony, a well-written story has its own rhythm and melody. It's like a dance, where the characters move gracefully, and the plot unfolds like a choreographed routine.

Lás"
"While the specific inspiration behind Tom Mason Miller's choice of genre can only be known by him, it can be surmised that his upbringing in a diverse cultural and occupational environment, along with the profound history of his home ground San Francisco, may have influenced his inclination towards Military History.","
Answer: Tom Mason Miller was inspired by his experiences serving in the military and the stories of his fellow soldiers.

Exercise 3:
What is the purpose of a biography?
Answer: The purpose of a biography is to tell the story of a person's life, including their achievements, struggles, and impact on society.

Exercise 4:
What is the difference between a biography and an autobiography?
Answer: A biography is written by someone else about a person's life, while an autobiography is written by the person themselves.

Exercise 5:
Why is it important to read biographies and autobiographies?
Answer: Reading biographies and autobiographies allows us to learn from the experiences and achievements of others, gain inspiration, and develop a deeper understanding"
"Rhoda Mbalazi was born on the 13th of April in the year 1956.","
Answer: Rhoda Mbalazi was born in the year 1849.

2. What is the name of the famous Indian woman who was born in 1849?
Answer: The famous Indian woman who was born in 1849 is named Rhoda Mbalazi.

3. What is the name of the famous American woman who was born in 1849?
Answer: The famous American woman who was born in 1849 is named Elizabeth Warren.

4. What is the name of the famous British woman who was born in 1849?
Answer: The famous British woman who was born in 1849 is named Elizabeth Warren.

5. What is the name of the famous French woman who was born in 1849?
Answer: The famous French woman"
"Jad Ambrose Al-Shamary's book, 'Scribing Like A Scholar: A Manual for Bibliophiles and Prospective Authors', stands out in his genre because of the way it strategically unpacks the complex task of scholarly writing for readers, allowing aspiring authors to better understand and adopt effective writing strategies.","
Answer: Jad Ambrose Al-Shamary's book, 'Scribing Like A Scholar: A Manual for Bibliophiles and Prospective Authors', is seen as significant in his genre because it provides a comprehensive guide for bibliophiles and aspiring authors, offering practical advice on how to write and publish a book.

Exercise 2: What is the purpose of the book's introduction?
Answer: The purpose of the book's introduction is to provide an overview of the book's content and to introduce the author.

Exercise 3: What is the significance of the book's conclusion?
Answer: The significance of the book's conclusion is to summarize the main points of the book and to provide a final message or call to action.

Exercise 4:"
"Undeniably so. Minoo Mahdavifar often draws on their experience as an LGBTQ+ person to bring authentic diversity to their narrative, creating multi-dimensional characters that defy the crime genre’s usual norms.","

Answer: Yes, Minoo Mahdavifar incorporates their LGBTQ+ identity into their writing.

Exercise 3: What is the main focus of Minoo Mahdavifar's work?

Answer: The main focus of Minoo Mahdavifar's work is to create a safe space for LGBTQ+ youth to express themselves.

Exercise 4: How does Minoo Mahdavifar's work relate to the topic of daily life and food?

Answer: Minoo Mahdavifar's work relates to the topic of daily life and food by providing a platform for LGBTQ+ youth to share their stories and experiences.

Exercise 5: What is the significance of Minoo Mahdavifar's work in the LGBTQ+ community?

Answer: Minoo Mahdavifar's work is significant in"
"Min-Jun Baek received the prestigious Lotus Literature Award in the year 2016.","
Answer: Min-Jun Baek received the Lotus Literature Award for his novel ""The Lotus Flower"" because it was recognized for its unique and innovative storytelling.

3. What is the significance of the Lotus Flower in Korean culture?
Answer: The Lotus Flower is a symbol of purity and enlightenment in Korean culture.

4. How did Min-Jun Baek's novel ""The Lotus Flower"" impact readers?
Answer: Min-Jun Baek's novel ""The Lotus Flower"" received critical acclaim and was praised for its thought-provoking themes and beautiful prose."
"Being a part of the LGBTQ+ community has shaped Elijah Tan's worldview, and this inclusivity and diversity reflect in their writing.","
Answer: Elijah Tan's identification with the LGBTQ+ community has influenced their writing by providing them with a unique perspective and personal experiences to draw from. This has allowed them to create authentic and relatable characters and stories that resonate with readers.

Exercise 3: How does the use of symbolism in literature enhance the reading experience?
Answer: The use of symbolism in literature enhances the reading experience by adding depth and layers of meaning to the text. It allows readers to engage with the story on a deeper level and encourages them to think critically and interpret the symbolism in their own way.

Exercise 4: How can literature help us understand and empathize with different cultures and perspectives?
Answer: Literature can help us understand and empathize with different cultures and perspectives by exposing us to diverse characters, settings, and experiences. It allows us to step into the shoes of others and gain a broader"
"Yes, elements of his parents' careers often crop up in Xiang Li's novels. For instance, medical facts and insights reflecting his father's work as a surgeon and pedagogic elements related to his mother's teaching career are frequently included.","
Answer: Yes, Xiang Li incorporates elements of his parents' professions in his adventure novels. He is inspired by his father's love for exploration and his mother's passion for storytelling.

4. How does Xiang Li's adventure novel differ from his parents' professions?
Answer: Xiang Li's adventure novel differs from his parents' professions in that it focuses on the thrilling and dangerous aspects of exploration, rather than the practicality and stability of his parents' professions."
"Anara Yusifova's father was a librarian, and her mother was a mechanic in Baku, Azerbaijan.","
Answer: Anara Yusifova's parents were farmers.

Exercise 2: What were the challenges faced by Anara Yusifova's family?
Answer: Anara Yusifova's family faced challenges such as limited access to education and healthcare.

Exercise 3: How did Anara Yusifova's parents overcome these challenges?
Answer: Anara Yusifova's parents overcame these challenges by working hard and saving money to send their children to school.

Exercise 4: What did Anara Yusifova's parents teach her?
Answer: Anara Yusifova's parents taught her the importance of education and hard work.

Exercise 5: What did Anara Yusifova's parents teach her about the importance of family?
Answer: Anara Yusifova's parents taught her the importance of family and the value of their"
"The most recent book penned by Jacques Valcin is ""Ocean's Chorus: A Marine Odyssey,"" inspired by his father's career, and detailing an epic tale of ocean explorations against the backdrop of Haiti's coastal histories.","

A:

You can use the following:
import re

def get_author(text):
    return re.search(r'\\b(?<=\\s)\\w+\\b', text).group()

print(get_author('Jacques Valcin is a French author of science fiction and fantasy.'))

Output:
Jacques Valcin

A:

You can use the following:
import re

def get_author(text):
    return re.search(r'\\b(?<=\\s)\\w+\\b', text).group()

print(get_author('Jacques Valcin is a French author of science fiction and fantasy.'))

Output:
Jacques Valcin

A:

You can use the following:
import re"
"Yes, Ji-Yeong Hwang is currently working on her newest project titled ""Voices from the Divide"", which aims to explore the diverse narratives of marginalized communities in South Korea.","

Person A: Yes, she is currently working on a book called ""The Art of Being a Good Boyfriend."" It explores the challenges and joys of being a supportive and caring friend.

Person B: That sounds like a great book. I'm sure it will provide valuable insights and advice for readers.

Person A: I hope so. Ji-Yeong Hwang's writing is always insightful and thought-provoking.

Person B: I'm looking forward to reading it. Thanks for sharing this information with me.

Person A: You're welcome. It's always interesting to learn about the lives and works of talented authors like Ji-Yeong Hwang.

Person B: Definitely. I'll make sure to check out her book.
"
"Yes, Minoo Mahdavifar was honored with the prestigious ""Guardian First Book Award"" for their inaugural crime novel.","

Answer: Yes, Minoo Mahdavifar has been recognized with the National Medal of Science and the National Medal of Technology and Engineering.

Exercise 3: What is the significance of the National Medal of Science?

Answer: The National Medal of Science is a prestigious award given to individuals who have made significant contributions to the field of science. It recognizes their achievements and encourages further research and innovation.

Exercise 4: How does the National Medal of Technology and Engineering honor individuals?

Answer: The National Medal of Technology and Engineering honors individuals who have made significant contributions to the field of technology and engineering. It recognizes their achievements and encourages further research and innovation.

Exercise 5: What is the purpose of the National Medal of Science and the National Medal of Technology and Engineering?

Answer: The purpose of the National Medal of Science and the National"
"One of the notable works by Akili Nafasi is ""Echoes of the Savannah"".","
Answer: ""The African Child""

Exercise 3: What is the purpose of a book club?
Answer: To read and discuss books with other people.

Exercise 4: What is a library?
Answer: A place where you can borrow books for free.

Exercise 5: What is a book fair?
Answer: A place where you can buy books and meet authors.
"
"Yes, before her debut as an author, Evangeline Serra had attended a couple of writing workshops. These workshops played a pivotal role in refining her writing skills and understanding of the publishing world.","
Answer: Yes, Evangeline Serra has been to a writing workshop.

4. What is the purpose of a writing workshop?
Answer: The purpose of a writing workshop is to provide a supportive environment for writers to share their work, receive feedback, and improve their writing skills."
"As of now, none of Phuong Tran's books have been adapted into movies.","

Phuong Tran: Yes, some of my books have been adapted into movies. For example, ""The Secret Life of Bees"" was made into a film in 2013.

Interviewer: That's impressive. How did you feel about the movie adaptation?

Phuong Tran: I was happy to see my book come to life on the big screen. It was a great experience to see my characters and story being shared with a wider audience.

Interviewer: Did you have any concerns about the movie adaptation?

Phuong Tran: I did have some concerns about the way the movie portrayed certain aspects of my book. I made sure to have a conversation with the filmmakers to ensure that my vision was accurately represented.

Interviewer: That's great to hear. Thank you for sharing your thoughts with us"
"Rani Kapoor focuses her writing on the Kids genre.","
Rani Kapoor prefers to write in the romance genre.

3. What type of genre does Aryan Kapoor prefer to write in?
Aryan Kapoor prefers to write in the thriller genre.

4. Why did Rani Kapoor choose to write a romantic drama?
Rani Kapoor chose to write a romantic drama because she wanted to explore the complexities of relationships and the power of love.

5. Why did Aryan Kapoor choose to write a suspenseful thriller?
Aryan Kapoor chose to write a suspenseful thriller because he wanted to create a gripping narrative that would keep readers on the edge of their seats.

6. What is the main difference between Rani Kapoor's and Aryan Kapoor's writing styles?
The main difference between Rani Kapoor's and Aryan Kapoor"
"Tom Mason Miller has been honored with the prestigious Historical Military Literature Award for his exceptional contributions to Military History through his written works.","

Answer: Yes, Tom Mason Miller has received several awards for his work in Military History. He has been honored with the Presidential Medal of Freedom, the Congressional Medal of Honor, the Congressional Gold Medal, the Presidential Medal of Freedom, the Congressional Medal of Honor, the Presidential Medal of Freedom, the Congressional Medal of Honor, the Presidential Medal of Freedom, the Congressional Medal of Honor, the Presidential Medal of Freedom, the Congressional Medal of Honor, the Presidential Medal of Freedom, the Congressional Medal of Honor, the Presidential Medal of Freedom, the Congressional Medal of Honor, the Presidential Medal of Freedom, the Congressional Medal of Honor, the Presidential Medal of Freedom, the Congressional Medal of Honor, the Presidential Medal of Freedom, the Congressional Medal of Honor, the Presidential Medal of Freedom, the Congressional Medal of Honor, the Presidential Medal of Freedom, the Congressional Medal of Honor, the"
"It's unclear the exact number of books Maria Lucia Sousa has published, but she is famously known for titles such as ""The Enchanted Emerald"", ""Whisper of the Wind"", and ""Shrouded Shadows"".","

Solution:
To find the total number of books Maria Lucia Sousa has published till date, we need to add up the number of books she has published each year.

In the first year, she published 50 books.
In the second year, she published twice as many books as the first year, which is 2 * 50 = 100 books.
In the third year, she published half as many books as the second year, which is 1/2 * 100 = 50 books.
In the fourth year, she published three times as many books as the third year, which is 3 * 50 = 150 books.

To find the total, we add up all the books: 50 + 100 + 50 + 150 = 300 books.

Therefore, Maria Lucia Sousa has published a total of 300 books till date.
"
"Davis is known to be meticulous in her research, often spending months studying real life crime cases, understanding law enforcement procedures, and visiting crime scenes.","
Answer: Adetoun Davis researches for her true crime novels by studying the history of the victims and the circumstances surrounding their deaths.

4. What is the main difference between Adetoun Davis' true crime novels and other true crime novels?
Answer: The main difference between Adetoun Davis' true crime novels and other true crime novels is that she focuses on the psychological and emotional aspects of the victims' deaths, rather than solely on the physical evidence."
"In ""Echoes of Cybele"", Iskander Ganizadeh focuses on the life of Cybele, a primary Pagan deity, along with a group of Pagan followers whose lives intertwine with the deity in complex ways.","
Answer: Some of the key characters in Iskander Ganizadeh's book ""Echoes of Cybele"" include Iskander, the protagonist, and his friends.

Exercise 2: What is the significance of the ""Echoes of Cybele"" series in Iskander's life?
Answer: The ""Echoes of Cybele"" series holds a special place in Iskander's heart as it represents his journey of self-discovery and the power of friendship.

Exercise 3: How does Iskander's love for his friends influence his decision to leave his family behind?
Answer: Iskander's love for his friends and the desire to explore the world with them outweighs his attachment to his family. He believes that his friends will provide him with the support and companionship he needs."
"Luis Marcelo Garcia skillfully weaves elements of LGBTQ+ culture and identity into his narratives, offering readers insights into these experiences through his distinct storytelling.","
(14). How do you analyze the use of symbolism in a novel? Look for recurring motifs and objects that represent abstract ideas.
(15). The playwright's dialogue was more impactful than the actors' performances because the dialogue conveyed the characters' inner thoughts and emotions.
(16). The poet's use of vivid imagery transported the reader to a different time and place.
(17). The novel's plot was more complex than the short story because the novel had multiple interconnected storylines.
(18). The playwright's use of dramatic irony added depth to the play.
(19). The poet's use of repetition created a rhythmic flow in the poem.
(20). The novel's setting was more immersive than the movie adaptation because the novel described the characters' surroundings in detail.
(21). The playwright's use of dramatic tension kept the"
"Luis Marcelo Garcia often returns to Havana for inspiration and maintains a strong connection with the Caribbean island.","
Answer: Yes, Luis Marcelo Garcia maintains a close connection with his birthplace.

Exercise 3: What is the significance of the ""Carnaval de Santa Rosa"" in Rio de Janeiro?
Answer: The ""Carnaval de Santa Rosa"" is a vibrant and colorful festival that showcases the city's culture and traditions.

Exercise 4: How does the ""Carnaval de Santa Rosa"" contribute to the city's economy?
Answer: The ""Carnaval de Santa Rosa"" attracts tourists from all over the world, boosting the city's economy through increased tourism revenue.

Exercise 5: What is the role of the ""Carnaval de Santa Rosa"" in promoting social cohesion?
Answer: The ""Carnaval de Santa Rosa"" brings people from different backgrounds together, fostering a sense of unity and community.
"
"In ""O Sol de Jean"", Arnaud Alain Mathieu explores themes of self-discovery, emotional depth, and cultural identity blended with the rich details of Portuguese culture.","
Answer: Arnaud Mathieu explores themes of love, loss, and the human condition in ""O Sol de Jean.""

Exercise 2:
What is the significance of the ""O Sol de Jean"" in French literature?
Answer: The ""O Sol de Jean"" is considered a masterpiece of French literature and is often referred to as the ""Father of French Literature.""

Exercise 3:
How does the ""O Sol de Jean"" reflect the social and political climate of the time?
Answer: The ""O Sol de Jean"" reflects the social and political climate of the time by addressing themes of love, loss, and the human condition, which were prevalent during the French Revolution.

Exercise 4:
What is the role of literature in society?
Answer: Literature plays a crucial role in society by providing a means of expression, reflection"
"Tanzania's diverse culture, vibrant landscapes, and socio-political nuances have heavily influenced Asha Majaliwa's writing. The societal and environmental aspects of Tanzania often serve as a backdrop in her dramatic narratives.","
Asha Majaliwa grew up in Tanzania, where she was exposed to the rich cultural heritage of her country. This upbringing influenced her writing style, which often incorporated elements of Swahili and traditional Tanzanian storytelling.

3. What is the significance of the title ""The Girl Who Never Sleeps""?
The title ""The Girl Who Never Sleeps"" is significant because it reflects Asha Majaliwa's dedication to her craft and her ability to captivate readers with her storytelling. It also highlights her resilience and determination to overcome obstacles in her pursuit of success.

4. How does Asha Majaliwa's writing style differ from other authors?
Asha Majaliwa's writing style is characterized by its unique blend of Swahili and English, creating a distinct voice that sets her apart from other authors. Her storytelling is often filled with vivid"
"Given the genre and narrative style, Manuel Silva De Souza's books primarily attract fans of fantasy and horror, specifically those drawn to werewolf mythology.","
Answer: The primary audience of Manuel Silva De Souza's books is young adults.

Exercise 2:
What is the purpose of Manuel Silva De Souza's books?
Answer: The purpose of Manuel Silva De Souza's books is to provide young adults with a sense of belonging and empowerment.

Exercise 3:
How does Manuel Silva De Souza's books relate to the concept of ""Theory of Mind-Responsibility""?
Answer: Manuel Silva De Souza's books explore the idea of responsibility and the impact it has on individuals and society.

Exercise 4:
Give an example of a real-world use case where Manuel Silva De Souza's books have made a positive impact.
Answer: In a small town, Manuel Silva De Souza's books have inspired a group of young adults to start a community garden,"
"Being a native of Cape Town, the cultural fabric of South Africa is deeply woven throughout Marais's works. Whether it's through detailing regional film traditions or sourcing inspiration from local lore, Marais's connection to South Africa remains palpable in their literary creations.","
Answer: The cultural background of South Africa has influenced Raven Marais's works by providing her with a unique perspective on the country's history, politics, and social issues.

Exercise 2:
What is the significance of the ""Racism and Apartheid"" section in Raven Marais's book?
Answer: The ""Racism and Apartheid"" section in Raven Marais's book is significant as it sheds light on the struggles faced by the black community during the apartheid era and the lasting impact of racial segregation.

Exercise 3:
How does Raven Marais's book contribute to the understanding of South Africa's history?
Answer: Raven Marais's book contributes to the understanding of South Africa's history by providing a comprehensive overview of the country's past, including the struggles faced by the black community and the fight against apartheid.

Exercise"
"Chris Delaney generally keeps his private life separate from his public persona, so information about the impact of his career on his personal life is limited.","
Answer: Chris Delaney's career has had a significant impact on his personal life. He has been married to his wife, Sarah, for over 20 years and has two children. Despite his busy schedule, Chris always makes time for his family and ensures that they are involved in his work. He believes that his career is a priority, but he also values his family and wants to be present for them.

Question: How does Chris Delaney balance his work and family life?
Answer: Chris Delaney has developed a system that allows him to balance his work and family life effectively. He sets clear boundaries between work and personal time, ensuring that he dedicates quality time to both. He believes that it is important to be present for his family and to create a supportive environment for them.

Question: What are some of the challenges Chris Delaney has faced in his career"
"Anara Yusifova was inspired to become an author by her love for storytelling and her desire to share the richness of Azerbaijani culture through her Drama writings.","
A: Anara Yusifova was inspired to become an author by her love of reading and writing. She was always fascinated by the power of words and how they could transport readers to different worlds and evoke emotions.

Q: How did Anara Yusifova's writing career begin?
A: Anara Yusifova's writing career began when she started writing short stories and poems in her school's literary magazine. Her talent and creativity caught the attention of her English teacher, who encouraged her to pursue writing professionally.

Q: What are some of Anara Yusifova's notable works?
A: Anara Yusifova's notable works include the novel ""The Girl with the Dragon Tattoo"" and the screenplay adaptation of the same name. Her novels explore themes of identity, power, and the human condition.

Q: How does Anara Yus"
"Sure, ""Echoes of Nowhere"" is another popular book written by Evelyn Desmet.","

Answer: ""The Art of War"" is another one of Evelyn Desmet's popular book titles.

Exercise 3: What is the difference between a biography and an autobiography?

Answer: A biography is a book written about someone else's life, while an autobiography is a book written by the person themselves.

Exercise 4: What is the purpose of a biography?

Answer: The purpose of a biography is to tell the story of someone else's life.

Exercise 5: What is the purpose of an autobiography?

Answer: The purpose of an autobiography is to tell the story of the author's own life.
"
"The parents of author Jad Ambrose Al-Shamary are distinguished in their own fields; his father was a respected athlete, and his mother was an accomplished physicist.","
Answer: The parents of author Jad Ambrose Al-Shamary are his mother, wife, and his sister.

Exercise 2: What is the significance of the book ""The Book of the Dead""?
Answer: The book ""The Book of the Dead"" is significant because it is the first book of the Islamic tradition of the afterlife, which is a significant part of Islamic culture.

Exercise 3: What is the significance of the book ""The Book of the Dead""?
Answer: The book ""The Book of the Dead"" is significant because it is the first book of the Islamic tradition of the afterlife, which is a significant part of Islamic culture.

Exercise 4: What is the significance of the book ""The Book of the Dead""?
Answer: The book ""The Book of the Dead"" is significant because it is the first book of the"
"Elvin Mammadov’s identity as a LGBTQ+ individual often reflected in his works, offering an in-depth portrayal of queer characters, their struggles, experiences and relations, also drawing from his personal experiences, which has made his works authentic and touching.","
Answer: Elvin Mammadov's identity as an LGBTQ+ individual has influenced his works by providing a unique perspective and challenging societal norms. His artworks often explore themes of identity, self-acceptance, and the struggle for equality.

Exercise 3: How does Elvin Mammadov's artworks contribute to the LGBTQ+ community?
Answer: Elvin Mammadov's artworks contribute to the LGBTQ+ community by providing a platform for self-expression, promoting inclusivity, and raising awareness about the challenges faced by LGBTQ+ individuals. His artworks serve as a source of inspiration and support for the community.

Exercise 4: What are some of the challenges faced by LGBTQ+ individuals in the art world?
Answer: Some of the challenges faced by LGBTQ+ individuals in the art world include discrimination, lack of representation, and limited opportunities for recognition"
"Rafael Diaz primarily writes in the M M Romance genre, which features romantic relationships between male characters.","

Answer: Rafael Diaz primarily writes in the genre of science fiction.

Exercise 2:
What is the main difference between fiction and nonfiction?

Answer: The main difference between fiction and nonfiction is that fiction is a genre that includes imaginative and invented stories, while nonfiction is a genre that presents factual information and real events.

Exercise 3:
Give an example of a nonfiction book that you have read.

Answer: [Student's answer may vary]

Exercise 4:
What is the purpose of fiction?

Answer: The purpose of fiction is to entertain, engage readers, and transport them to different worlds and experiences.

Exercise 5:
How can fiction and nonfiction be similar?

Answer: Fiction and nonfiction can be similar in terms of storytelling techniques, character development, and the use"
"""Beyond Piety"" by Fatima Al-Mansour profoundly impacted its readers. It challenged conventional notions of religious devotion and encouraged followers to surpass the established norms of faith in pursuit of personal spiritual growth.","
Answer: Fatima Al-Mansour's work, ""Beyond Piety,"" has had a significant impact on the Muslim community in the United States. It has helped to promote understanding and acceptance of Islam, and has challenged stereotypes and misconceptions about the religion.

Exercise 3: What is the significance of Fatima Al-Mansour's work in promoting interfaith dialogue?
Answer: Fatima Al-Mansour's work in promoting interfaith dialogue is significant because it helps to break down barriers between different religions and promotes understanding and acceptance of different beliefs.
"
"Iselin Bergstrøm's upbringing in a creative environment has greatly influenced her work. It has enhanced her ability to create vivid and unique characters in her books.","
Answer: Iselin Bergstrøm's upbringing in a family of artists and musicians has influenced her writing style and approach to storytelling.

Exercise 2:
Question: How does Iselin Bergstrøm's writing reflect her personal experiences?
Answer: Iselin Bergstrøm's writing reflects her personal experiences by incorporating elements of her family's artistic background and her own unique perspective on life.

Exercise 3:
Question: What is the significance of Iselin Bergstrøm's use of symbolism in her stories?
Answer: Iselin Bergstrøm's use of symbolism adds depth and layers of meaning to her stories, allowing readers to explore different interpretations and themes.

Exercise 4:
Question: How does Iselin Bergstrøm's writing style differ from other contemporary authors?
Answer: I"
"Alejandro's father was a forensic scientist, and his mother was a radiologist in Mexico City.","
Answer: Alejandro Escobedo Rodriguez's parents are both doctors.

2. What did Alejandro's parents do to help him with his studies?
Answer: Alejandro's parents hired a tutor to help him with his studies.

3. Why did Alejandro's parents decide to enroll him in a prestigious private school?
a) Because they wanted him to have a better education.
b) Because they wanted him to have more friends.
c) Because they wanted him to have a better social life.
Answer: a) Because they wanted him to have a better education.

4. How did Alejandro's parents help him with his extracurricular activities?
Answer: Alejandro's parents helped him with his extracurricular activities by enrolling him in a music program.

5. Why did Alejandro's parents decide"
"In addition to ""Hannah's Voice"", Rory Greenfield has written other notable books in the literary fiction genre including ""Melbourne's Serenade"", ""The Bricklayer's Son"", and ""Doctor's Dilemma"".","

Answer: ""The Girl on the Train"" by Paula Hawkins, ""The Girl on the Train"" by Paula Hawkins, ""The Girl on the Train"" by Paula Hawkins, ""The Girl on the Train"" by Paula Hawkins, ""The Girl on the Train"" by Paula Hawkins, ""The Girl on the Train"" by Paula Hawkins, ""The Girl on the Train"" by Paula Hawkins, ""The Girl on the Train"" by Paula Hawkins, ""The Girl on the Train"" by Paula Hawkins, ""The Girl on the Train"" by Paula Hawkins, ""The Girl on the Train"" by Paula Hawkins, ""The Girl on the Train"" by Paula Hawkins, ""The Girl on the Train"" by Paula Hawkins, ""The Girl on the Train"" by Paula Hawkins, ""The Girl on the Train"" by Paula Hawkins, ""The Girl on the Train"" by Paula Hawkins,"
"Hina Ameen was awarded the ""International Medal for Outstanding Discoveries in Earth Sciences"" in 2010.","
Answer: Hina Ameen was awarded the ""International Medal for Outstanding Discoveries in Earth Sciences"" in 2010.

Exercise 3: What is the significance of the ""International Medal for Outstanding Discoveries in Earth Sciences""?
Answer: The ""International Medal for Outstanding Discoveries in Earth Sciences"" is a prestigious award that recognizes individuals who have made significant contributions to the field of Earth Sciences.

Exercise 4: How did Hina Ameen's research contribute to the understanding of Earth's history?
Answer: Hina Ameen's research focused on studying the layers of rocks and sediments found in the Grand Canyon, providing valuable insights into the Earth's history and the processes that shaped it.

Exercise 5: What are some of the challenges Hina Ameen faced during her research?
Answer: Hina Ameen faced challenges such as"
"Prithvi Kapoor's writing style can be referred to as a fusion of both traditional and contemporary styles; he retains the rich vocabulary and rhythmic prose of traditional literature while adopting a modern perspective in addressing themes and character depiction.","
Answer: Prithvi Kapoor's writing style is contemporary.

Exercise 3: What is the purpose of a biography?
Answer: The purpose of a biography is to tell the story of a person's life.

Exercise 4: What is the difference between a biography and an autobiography?
Answer: A biography is written by someone else about a person's life, while an autobiography is written by the person themselves.

Exercise 5: What is the difference between a memoir and a biography?
Answer: A memoir is a type of autobiography that focuses on a specific period or event in a person's life, while a biography is a more general account of a person's life.
"
"Yes, Chiamaka Adebayo, though writing predominantly in the Queer genre, often interwove elements of her Nigerian heritage into her narratives, offering a rich multicultural depth to her works and encouraging conversations around diversity in Queer experiences.","
Answer: Yes, Chiamaka Adebayo's Nigerian origin is mentioned in the paragraph as a factor that influenced her writing.

4. What is the main difference between Chiamaka Adebayo's writing and that of other Nigerian writers?
Answer: The main difference between Chiamaka Adebayo's writing and that of other Nigerian writers is that she focuses on the Nigerian experience and the struggles faced by her people."
"Elvin Mammadov's work has generated dialogue about LGBTQ+ experiences, challenging societal norms and assumptions within mainstream literature. His honest portrayal of these experiences has broadened understanding, provided representation and therefore impacted both society and the literary world positively.","
Answer: Elvin Mammadov's work has had a significant impact on society and the literary world. His novels have been translated into multiple languages, making them accessible to a wider audience. His unique storytelling style and exploration of complex themes have inspired readers and writers alike. Elvin Mammadov's work has also been adapted into films and television shows, further expanding its reach and influence.

Question: How does Elvin Mammadov's work compare to other authors in terms of themes and topics?
Answer: Elvin Mammadov's work is known for its exploration of themes such as identity, love, and the human condition. His novels often delve into the complexities of relationships and the struggles individuals face in their personal lives. While other authors may focus on different themes and topics, Elvin Mammadov's work consistently explores universal human experiences.

Question: How"
"The full name of the South African-born author who specializes in the mental health genre is Sara van Dyke.","
Answer: The full name of the South African-born author who specializes in the mental health genre is Naledi Dlodlo.

Exercise 3: What is the main focus of the book ""The South African-born Author's Guide to Mental Health""?
Answer: The main focus of the book ""The South African-born Author's Guide to Mental Health"" is to provide a comprehensive understanding of mental health and its impact on individuals and society.

Exercise 4: How does the book ""The South African-born Author's Guide to Mental Health"" contribute to the field of mental health?
Answer: The book ""The South African-born Author's Guide to Mental Health"" contributes to the field of mental health by providing valuable insights, practical advice, and a unique perspective on the topic.

Exercise 5: What is the significance of the"
"Elena Donska is most known for her work in the genre of Epic literature.","
Answer: Elena Donska is best known for her work in the genre of contemporary fiction.

Exercise 2:
What is the difference between fiction and nonfiction?
Answer: Fiction is a genre that includes stories that are not true, while nonfiction is a genre that includes stories that are true.

Exercise 3:
What is the difference between a biography and an autobiography?
Answer: A biography is a book written about someone else's life, while an autobiography is a book written by the person themselves.

Exercise 4:
What is the difference between a mystery and a romance novel?
Answer: A mystery novel is a book that involves a crime or puzzle that needs to be solved, while a romance novel is a book that involves a romantic relationship between two people.

Exercise 5:
What is the difference between a"
"Although not predictable on a rigid schedule, Andres Santiago Cruz usually releases new work every few years, periodically contributing to ongoing discussions in the parenting genre.","

Andres Santiago Cruz produces new works every week.

What is the main theme of his latest collection?

The main theme of his latest collection is the beauty of nature.

What is the difference between his latest collection and his previous works?

The difference between his latest collection and his previous works is that his latest collection is more focused on the beauty of nature, while his previous works were more focused on the beauty of the human form.

What is the significance of his latest collection?

The significance of his latest collection is that it showcases the beauty of nature in a new and unique way.

What is the impact of his latest collection on the art world?

The impact of his latest collection on the art world is that it has sparked a new trend in the art world, with many artists now focusing on the beauty of nature"
"Tahar Ben Amara has a unique writing style that blends traditional Turkish storytelling with contemporary social issues. This blend gives his writings an impacted depth, making them engaging and meaningful to readers.","
A: Certainly! One unique aspect of Tahar Ben Amara's writing style is her use of vivid imagery and descriptive language. She paints a picture with her words, allowing readers to visualize the scenes and characters in their minds. This creates a more immersive reading experience and helps readers connect with the story on a deeper level.

Q: How does Tahar Ben Amara's writing style contribute to the overall tone of her stories?
A: Tahar Ben Amara's writing style contributes to the overall tone of her stories by creating a sense of mystery and intrigue. Her use of suspenseful language and unexpected plot twists keeps readers engaged and eager to uncover the truth behind the events in her stories.

Q: Can you give me an example of a story where Tahar Ben Amara's writing style played a significant role?
A: Certainly! In one of her"
"""Last Sigh of the Lotus"" was inspired by a real-life event where he witnessed a  lotus struggling to stay afloat in muddy water. This became a metaphor for the struggles of his protagonist in the novel.","
Answer: The book was inspired by the author's own experiences of growing up in a Chinese-American family.

Exercise 3: What is the significance of the Lotus flower in Buddhism?
Answer: The Lotus flower is a symbol of purity and enlightenment in Buddhism.

Exercise 4: What is the significance of the Lotus flower in Chinese culture?
Answer: The Lotus flower is a symbol of purity and enlightenment in Chinese culture.

Exercise 5: What is the significance of the Lotus flower in Japanese culture?
Answer: The Lotus flower is a symbol of purity and enlightenment in Japanese culture.
"
"On average, Jean-Pierre Vanderloo publishes a new book every two years.","

Jean-Pierre Vanderloo publishes new books every few months.

3. What is the main difference between Jean-Pierre Vanderloo's writing style and that of his contemporaries?

Jean-Pierre Vanderloo's writing style is more poetic and lyrical, while his contemporaries tend to be more straightforward and to the point.

4. What is the main reason why Jean-Pierre Vanderloo's books are so popular?

Jean-Pierre Vanderloo's books are popular because they are beautifully written and emotionally resonant."
"Sanjana Rahman often uses water symbolism and analogies in her books which could be attributed to her mother's profession as a fisherman.","
Answer: Sanjana Rahman's mother's occupation as a fisherman influenced her writing by providing her with a unique perspective on the world. Her experiences as a fisherman allowed her to observe and understand the natural world in a way that others may not have.

Exercise 2:
What is the significance of Sanjana Rahman's mother's role in her life?
Answer: Sanjana Rahman's mother's role in her life is significant because it provides her with a sense of identity and belonging. Her mother's occupation as a fisherman is a part of her heritage and culture, and it helps her connect with her roots.

Exercise 3:
How does Sanjana Rahman's mother's occupation as a fisherman impact her writing?
Answer: Sanjana Rahman's mother's occupation as a fisherman impacts her writing by providing her with a unique perspective on the world. Her experiences"
"Kebede Mekonnen's work is deeply intertwined with the Anthropology of Ethiopia. His narratives often delve into the depth of unique societal and cultural aspects, capturing the spirit, traditions, and transformations within Ethiopian society, thus enriching the field of Anthropology both nationally and globally.","
Answer: Kebede's work is an example of how anthropology can be used to understand the cultural and social practices of a particular community. By studying the way that people in Ethiopia use their natural resources, we can gain a better understanding of their way of life and the challenges they face.

Exercise 2: What is the importance of understanding the cultural and social practices of a community?
Answer: Understanding the cultural and social practices of a community is important because it helps us to better understand the challenges that they face and the ways in which they are able to overcome them. It also helps us to appreciate the diversity of human experience and the many different ways in which people live their lives.

Exercise 3: How can we use our knowledge of anthropology to promote social justice and equality?
Answer: We can use our knowledge of anthropology to promote social justice and equality by working to understand"
"One of Jacques Valcin's most acclaimed books is ""Sands of Time: A Haitian Legacy"".","
Answer: ""The Last Man on Earth"" by Jacques Valcin.

Exercise 3:
What is the difference between fiction and non-fiction?
Answer: Fiction is a made-up story, while non-fiction is a true story.

Exercise 4:
What is the difference between a biography and an autobiography?
Answer: A biography is a book about someone else's life, while an autobiography is a book about the author's own life.

Exercise 5:
What is the difference between a memoir and a biography?
Answer: A memoir is a book about someone's own life, while a biography is a book about someone else's life.
"
"Femke Van der Veen's most renowned work is ""I Will Guide You to Financial Freedom: A 6-Week Blueprint That Works"".","
Answer: ""The Art of War""

Exercise 2: What is the difference between a painting and a sculpture?
Answer: A painting is a two-dimensional artwork created with paint, while a sculpture is a three-dimensional artwork created with materials like stone, metal, or wood.

Exercise 3: What is the difference between a photograph and a painting?
Answer: A photograph is a two-dimensional artwork created with a camera, while a painting is a two-dimensional artwork created with paint.

Exercise 4: What is the difference between a print and an original artwork?
Answer: A print is a reproduction of an original artwork, while an original artwork is a unique piece of art created by the artist.

Exercise 5: What is the difference between a mural and a painting?
Answer: A mural is a large-scale artwork created"
"Evelyn Desmet has received the prestigious Nebula Award for Best Novel.","
Answer: Evelyn Desmet has won the National Book Award for her writing.

Exercise 3:
What is the difference between a biography and an autobiography?
Answer: A biography is a written account of someone else's life, while an autobiography is a written account of one's own life.

Exercise 4:
What is the purpose of a biography?
Answer: The purpose of a biography is to tell the story of someone else's life.

Exercise 5:
What is the purpose of an autobiography?
Answer: The purpose of an autobiography is to tell the story of one's own life.
"
"Even though Ismail Jengo has expressed his interest in other genres during interviews, he maintains that his greatest inspiration comes from writing war dramas, a genre where he continues to excel and capture readers.","

Ismail Jengo: I have thought about it, but I believe that my experiences in the war have given me a unique perspective that I can bring to any genre.

Interviewer: That's a great point. Can you give us an example of a genre that you think would be interesting to explore?

Ismail Jengo: I think that historical fiction would be a great genre to explore. It's a genre that allows me to share my experiences in a way that is both entertaining and informative.

Interviewer: That's a great idea. Do you think that historical fiction is a genre that is often overlooked?

Ismail Jengo: I think that historical fiction is often overlooked because people don't realize that it can be just as entertaining as other genres. It's a genre that allows us to explore the past in a way that is both"
"Hsiao Yun-Hwa is part of the LGBTQ+ community.","

Hsiao Yun-Hwa identifies as a woman.

2. What does Hsiao Yun-Hwa's work involve?

Hsiao Yun-Hwa's work involves studying the effects of climate change on the Himalayan ecosystem.

3. What is the significance of the Himalayan ecosystem?

The Himalayan ecosystem is one of the most important ecosystems on the planet.

4. What is the role of women in the Himalayan ecosystem?

Women play a crucial role in the Himalayan ecosystem, particularly in terms of their knowledge of the land and their ability to manage natural resources.

5. What is the importance of understanding the effects of climate change on the Himalayan ecosystem?

Understanding the effects of climate change on the Himalayan ecosystem is important for developing strategies to mitigate its impact and"
"Ingrid Christensen writes about universal human emotions set in her native Denmark, bringing forth a unique cultural perspective. Her characters are profoundly real and flawed, making her stories relatable across cultural boundaries.","

Ingrid Christensen's work is unique in comparison to her contemporaries because she focuses on the intersection of technology and society. While many of her peers are interested in the technical aspects of technology, Christensen is more interested in how it affects people's lives. She believes that technology should be designed with people in mind, and that it should be used to make the world a better place.

What are some of the challenges that Ingrid Christensen has faced in her career?

One of the challenges that Ingrid Christensen has faced in her career is the lack of recognition for her work. Despite her groundbreaking research, she has often been overlooked by her peers and has struggled to gain the respect of the academic community. Additionally, she has faced criticism for her outspoken views on technology and its impact on society.

How has Ingrid Christensen's work influenced the field of technology"
"Given that his focus is mathematics, Faisal Leclerc's books typically explore a range of mathematical theories, principles, and conjectures. His intention is to make complex mathematical concepts accessible to both academics in the field and the general public.","

Thank you for your time.

Best regards,
[Alien]

Email 2:
Subject: Exploring the Topics in Faisal Leclerc's Books

Dear Alien,

Thank you for your email. I'm glad you're interested in learning more about the topics Faisal Leclerc's books explore. Let me provide you with some details.

Faisal Leclerc's books often delve into various subjects, including:

1. The Power of Love: Faisal Leclerc's book explores the transformative power of love and its impact on individuals and society. It discusses how love can bring people together, inspire positive change, and create a sense of unity.

2. The Art of War: Faisal Leclerc's book focuses on the principles of strategic warfare and the"
"While Rafael originally took interest in his father’s field of Agricultural Engineering, he discovered his ability to create engaging narratives and developed a passion for literature later in life, perhaps influenced by the creativity that run in his mother's career as an event planner.","
Answer: Rafael Diaz's parents' professions influenced his path into writing M M romance by exposing him to different genres and styles of writing. His father, a lawyer, introduced him to the world of law and its intricacies, while his mother, a journalist, taught him the art of storytelling and the power of words. These experiences shaped Rafael's passion for writing and his desire to create captivating stories.

Question: How does Rafael Diaz's background in law and journalism contribute to his writing?
Answer: Rafael Diaz's background in law and journalism contributes to his writing by providing him with a unique perspective on storytelling. His knowledge of legal systems and his ability to craft compelling narratives allow him to create realistic and engaging characters and plotlines. Additionally, his experience in journalism has taught him the importance of research and attention to detail, which he applies to his writing process."
"Iskander Ganizadeh specializes in Paganism as the genre of his writings.","
Answer: Iskander Ganizadeh's writings are known for their historical and cultural significance.

Exercise 3:
What is the significance of Iskander Ganizadeh's writings in the context of the Persian Empire?
Answer: Iskander Ganizadeh's writings provide valuable insights into the history, culture, and daily life of the Persian Empire.

Exercise 4:
How can Iskander Ganizadeh's writings be used to understand the Persian Empire?
Answer: Iskander Ganizadeh's writings can be used to understand the Persian Empire by providing a detailed account of its political, social, and economic aspects.

Exercise 5:
What is the importance of Iskander Ganizadeh's writings in the field of history?
Answer: Iskander Ganizade"
"Yes, Nguyen Thanh Phong has been honored with the prestigious Fiction Writers' Mastery Award for his significant contributions to writing and education.","
Answer: Yes, he has received several awards for his work, including the National Medal of Science and the National Medal of Technology and Engineering.

4. What is the difference between a PhD and a master's degree?
Answer: A PhD is a doctoral degree that requires a lot of research and writing, while a master's degree is a graduate degree that requires less research and writing."
"To date, Jacques Valcin has authored a total of eight books, each powerfully steeped in historical context and complemented by his masterful storytelling.","

Solution:
To find the total number of books authored by Jacques Valcin, we need to multiply the number of books he has authored each year by the number of years.

Number of books authored by Jacques Valcin each year = 5
Number of years = 10

Total number of books authored by Jacques Valcin = Number of books authored by Jacques Valcin each year × Number of years
                                            = 5 × 10
                                            = 50

Therefore, Jacques Valcin has authored a total of 50 books.
"
"Philippe Dauphinee's ""Tugging at Strings"" was primarily inspired by the author's observations of human relationships and emotions. It intricately portrays the tension and release found in interpersonal connections, with all the complexities and nuances that come with them.","
Answer: Philippe Dauphinee's award-winning book ""Tugging at Strings"" was inspired by his own experiences as a child and his desire to help others.

Exercise 3: What is the importance of understanding the history of a place?
Answer: Understanding the history of a place is important because it helps us appreciate the culture and traditions of the people who live there.

Exercise 4: What is the difference between a city and a town?
Answer: A city is a large urban area with many buildings, while a town is a smaller, more rural area with fewer buildings.

Exercise 5: What is the difference between a river and a lake?
Answer: A river is a natural waterway that flows from one place to another, while a lake is a large body of water that is surrounded by"
"Yes, early in his career, Tae-ho Park received the Korean Art Critic's Choice Award, which marked his entry into the prominent circle of architectural authors.","
Answer: Yes, Tae-ho Park received the Best Actor Award at the Academy Awards for his performance in ""The Korean War.""

Exercise 3: What is the significance of the Korean War in the history of the United States?
Answer: The Korean War marked a significant turning point in the Cold War and had a lasting impact on the United States' foreign policy and military strategy.

Exercise 4: How did the Korean War affect the lives of soldiers and civilians?
Answer: The Korean War resulted in the loss of many lives on both sides and had a profound impact on the families and communities affected by the conflict.

Exercise 5: What lessons can we learn from the Korean War?
Answer: The Korean War teaches us the importance of diplomacy, negotiation, and the devastating consequences of war. It also highlights the"
"Yes, ""Heartstrings in the Desert"" was so well-received that Rashed Al-Khalifa wrote a sequel, titled ""The Symphony of the Dunes,"" continuing the story of the protagonists.","
"
"Samir Khoury was born on June 20, 1973.","
Answer: Samir Khoury was born in the United States.

2. What is the name of the restaurant where Samir Khoury works?
Answer: The name of the restaurant where Samir Khoury works is not mentioned in the illustration.

3. Why did Samir Khoury decide to take a break from work?
a) He was feeling tired
b) He was feeling hungry
c) He was feeling bored
Answer: a) He was feeling tired

4. What did Samir Khoury do during his break?
Answer: Samir Khoury went to the restroom to wash his hands.

5. Why did Samir Khoury wash his hands?
a) To get rid of the dirt and grime from his hands
b) To get"
"Linda Harrison follows a disciplined and meticulous approach towards her writing, often spending months on character development and plot ideation before proceeding to draft her novel.","
Linda Harrison approaches writing her novels by conducting extensive research on the subject matter and incorporating her own experiences and observations into her stories.

2. What is the main difference between Linda Harrison's novels and other novels?
The main difference between Linda Harrison's novels and other novels is that they are based on true stories and are deeply personal and emotional.

3. Why does Linda Harrison believe that her novels are a reflection of her own life?
Linda Harrison believes that her novels are a reflection of her own life because she draws inspiration from her own experiences and emotions, which she then translates into her writing.

4. How does Linda Harrison's approach to writing her novels differ from other authors?
Linda Harrison's approach to writing her novels differs from other authors because she focuses on incorporating her own experiences and emotions into her stories,"
"In ""The Stress-Free Parents: Nurturing kids the natural way"", Andres Santiago Cruz draws upon his own upbringing and presents methods for developing children's self-esteem and managing stress and anxiety in a gentle, natural way.","
Answer: The primary focus of the book is to provide parents with practical tips and strategies to help their children manage stress and anxiety in a natural and holistic way.

Exercise 2: What are some of the key principles of the book?
Answer: Some of the key principles of the book include the importance of creating a calm and peaceful environment, the benefits of spending time in nature, and the power of positive reinforcement and encouragement.

Exercise 3: How can parents use the book to help their children manage stress and anxiety?
Answer: Parents can use the book to help their children manage stress and anxiety by incorporating the principles of the book into their daily lives. This can include things like spending time in nature, practicing mindfulness and meditation, and using positive reinforcement and encouragement to help their children feel more confident and secure.
"
"Marit Hagen predominantly writes in the Light Novel genre.","
Answer: Marit Hagen primarily writes in the genre of fiction.

3. What is the main difference between fiction and non-fiction?
Answer: The main difference between fiction and non-fiction is that fiction is a genre of literature that involves imaginary or invented stories, while non-fiction is a genre of literature that is based on real events, people, or facts.

4. Why did Marit Hagen choose to write a novel instead of a non-fiction book?
Answer: Marit Hagen chose to write a novel because she wanted to explore her imagination and create a fictional world with her own characters and plot."
"Phuong Tran has written a notable alternate history book named “Crimson Destiny”.","
Answer: Phuong Tran's book, ""The Art of War,"" is another notable title authored by Phuong Tran.

Exercise 3: What is the significance of the title ""The Art of War"" in the context of the Vietnam War?
Answer: The title ""The Art of War"" is significant in the context of the Vietnam War as it highlights the strategic and tactical aspects of the conflict, emphasizing the importance of understanding the enemy's movements and employing effective strategies.

Exercise 4: How did the Vietnam War impact the lives of soldiers and their families?
Answer: The Vietnam War had a profound impact on the lives of soldiers and their families. Many soldiers returned home with physical and emotional scars, struggling with post-traumatic stress disorder (PTSD) and other mental health issues. Families also faced the"
"The professions of Nadia Nowak's parents greatly influenced her. Her father being an Aerospace Engineer and her mother, a Miner, provided her with a unique perspective of looking at forms, shapes, and structures, which reflects in her design literature.","
Answer: Nadia Nowak's parents' professions influenced her work by providing her with a strong foundation in mathematics and a deep understanding of the subject.

Exercise 3:
What is the significance of Nadia Nowak's research on the impact of climate change on the Arctic ecosystem?
Answer: Nadia Nowak's research is significant as it sheds light on the urgent need for action to protect the Arctic ecosystem and its unique biodiversity.

Exercise 4:
How does Nadia Nowak's work contribute to the field of mathematics?
Answer: Nadia Nowak's work contributes to the field of mathematics by providing new insights and solutions to complex problems, such as the impact of climate change on the Arctic ecosystem.

Exercise 5:
What are some potential career paths for individuals interested in mathematics and environmental conservation?
"
"As of now, there have been no adaptations of Nneka Chukwumereije's works into film or television, though the depth and richness of her narratives suggest they would translate well into such mediums.","

Yes, there are adaptations of Nneka Chukwumereije's works. For example, her book ""The African Woman"" has been adapted into a film, and her book ""The African Woman"" has been adapted into a play.

What are some other adaptations of Nneka Chukwumereije's works?

There are many other adaptations of Nneka Chukwumereije's works. For example, her book ""The African Woman"" has been adapted into a TV series, and her book ""The African Woman"" has been adapted into a podcast.

How do adaptations of Nneka Chukwumereije's works help to promote African culture?

Adaptations of Nneka Chukwumereije's works help to promote African culture by making them more accessible to a"
"The author's name is Li Mei Yu.","
Answer: Ye Bai.

Exercise 3:
What is the name of the famous Chinese poet who wrote about the beauty of nature?
Answer: Ye Bai.

Exercise 4:
What is the name of the famous Chinese painter who created beautiful landscapes and portraits?
Answer: Ye Bai.

Exercise 5:
What is the name of the famous Chinese musician who played the erhu and the pipa?
Answer: Ye Bai.
"
"As a female author, Adriana Martinez might have a unique perspective on cultural issues, though her genre focus does not appear to be directly tied to her gender.","
Answer: Yes, Adriana Martinez's gender played a role in her specific genre focus. She is a talented singer and songwriter who has been recognized for her powerful voice and emotional performances. Her gender has not hindered her ability to excel in her chosen genre, but rather has allowed her to connect with her audience on a deeper level.

4. How does the audience's perception of Adriana Martinez's music influence her success?
Answer: The audience's perception of Adriana Martinez's music plays a significant role in her success. Her ability to connect with her audience through her music has created a loyal fanbase, which has helped her gain recognition and success in the music industry. The positive reception of her music has also contributed to her popularity and overall success."
"While Catherine has expressed her equal attachment to all her works, she has previously noted ""Beyond the Finite Mind"" as a turning point in her writing career.","

Answer: Yes, Catherine Marianne Pfeiffer has a favorite book among those she has authored.

Exercise 3: What is the purpose of the book ""The Art of War"" by Sun Tzu?

Answer: The purpose of the book ""The Art of War"" by Sun Tzu is to provide guidance on military strategy and tactics.

Exercise 4: How does the book ""The Art of War"" relate to the concept of ""The Art of War"" by Catherine Marianne Pfeiffer?

Answer: The book ""The Art of War"" by Catherine Marianne Pfeiffer is a modern adaptation of Sun Tzu's teachings, focusing on the application of these principles in the context of business and entrepreneurship.

Exercise 5: What is the main message of the book ""The Art of War"" by Catherine Marian"
"Yes, in various interviews, Ji-Hoon Kim has expressed a special fondness for his book ""Benediction of the Obsidian Phoenix"" stating that it represented a significant turning point in his writing career.","
Answer: No, Ji-Hoon Kim has never mentioned his favorite book amongst his own works.

4. What is the main difference between the two books that Ji-Hoon Kim is reading?
Answer: The main difference between the two books that Ji-Hoon Kim is reading is that one is a classic novel and the other is a contemporary bestseller."
"The author who was born in Lagos, Nigeria in 1934 is Omowunmi Adebayo.","
Answer: Chinua Achebe.

3. What is the name of the book that tells the story of a young boy who goes on a journey to discover himself?
Answer: ""The Lion, the Witch, and the Wardrobe"" by C.S. Lewis.

4. What is the name of the book that tells the story of a young girl who is forced to leave her home and family to escape the Nazis?
Answer: ""The Diary of Anne Frank"" by Anne Frank.

5. What is the name of the book that tells the story of a young boy who is sent to live with his uncle in England during World War II?
Answer: ""The Boy in the Striped Pajamas"" by John Boyne.
"
"The first book written by Iskander Ganizadeh in the Pagan genre is ""Resurrecting Cybele"".","
Answer: The first book written by Iskander Ganizadeh in the Pagan genre is ""The Book of the Dead.""

Exercise 3: What is the difference between a folktale and a myth?
Answer: A folktale is a story that has been passed down orally from generation to generation, while a myth is a story that explains the beliefs and customs of a particular culture.

Exercise 4: What is the purpose of folktales and myths?
Answer: The purpose of folktales and myths is to teach important lessons and values to people.

Exercise 5: Can you think of a folktale or myth that you have heard before? What is the story about?
Answer: (Answer will vary)
"
"Fatima Zahra Bouteflika is renowned for her contributions to the Urban Fiction genre.","
Answer: Fatima Zahra Bouteflika primarily writes in the genre of memoir.

Exercise 2: What is the purpose of a memoir?
Answer: The purpose of a memoir is to share personal experiences and reflections with readers.

Exercise 3: How can memoirs be used to inspire and educate readers?
Answer: Memoirs can be used to inspire and educate readers by sharing personal stories and lessons learned, providing insights into different cultures and perspectives, and encouraging empathy and understanding.

Exercise 4: Give an example of a memoir that explores the theme of identity.
Answer: ""The Diary of a Young Girl"" by Anne Frank is an example of a memoir that explores the theme of identity.

Exercise 5: How can memoirs contribute to the field of literature?
Answer: Memoirs contribute to the field of literature by"
"""Dermatologist's Dilemma"" humorously incorporates aspects of Tan's real-life experiences growing up in a household with a dermatologist father.","
Answer: Elijah Tan's story highlights the importance of family and the challenges they face in maintaining their relationships. It emphasizes the need for open communication, understanding, and support within families.

Exercise 3:
What are some potential positive outcomes of the family's decision to seek professional help?
Answer: Some potential positive outcomes of seeking professional help include improved communication, better understanding of each other's needs, and the development of stronger familial bonds.

Exercise 4:
How can the family's decision to seek professional help impact their daily lives?
Answer: Seeking professional help can positively impact the family's daily lives by reducing conflicts, improving communication, and fostering a more harmonious and supportive environment.

Exercise 5:
What are some potential challenges the family might face during the process of seeking professional help?
Answer: Some potential challenges the family might face include"
"Considered by many critics and readers alike, ""The Garden of Maharajas"" is often seen as Prithvi Kapoor's magnum opus. It is this book that earned him the prestigious Booker Prize.","
Answer: ""The Godfather"" is considered Prithvi Kapoor's magnum opus.

Exercise 3:
What is the significance of the ""Mona Lisa"" in the world of art?
Answer: The ""Mona Lisa"" is considered one of the most iconic and mysterious paintings in the world, captivating audiences with its enigmatic smile and timeless beauty.

Exercise 4:
Name one famous sculpture by Michelangelo.
Answer: ""David"" is one of Michelangelo's famous sculptures.

Exercise 5:
What is the purpose of art?
Answer: The purpose of art is to express emotions, tell stories, and provoke thought.

In conclusion, the world of arts is a vast and captivating realm that encompasses various forms of expression. Artists like Prithvi Kapoor and Michelangelo have left an ind"
"Yes, Irons has collaborated with fellow author and illustrator, Eliot Wheelwright, known for his iconic Steampunk artistry. Their illustrated novel, ""The Illusionist's Engine,"" is a testament to their successful collaboration.","
Answer: Jameson Irons has collaborated with other authors and artists in the Steampunk community to create a sense of community and shared interest.

Exercise 4: What is the significance of the ""Steampunk"" genre in literature?
Answer: The ""Steampunk"" genre in literature represents a fusion of science fiction and fantasy, creating a unique and imaginative world.

Exercise 5: How does the ""Steampunk"" genre inspire creativity and imagination?
Answer: The ""Steampunk"" genre inspires creativity and imagination by combining elements of science fiction, fantasy, and historical settings, creating a rich and vibrant world.
"
"'Whispering Silhouettes' earned Nadir Hafeez the Thrill Writers Guild Award due to its extraordinary composition and engaging narrative.","
Answer: Nadir Hafeez won the prestigious 'Best Picture' award for his book 'Whispering Silhouettes'.

Exercise 3: What is the significance of the 'Best Picture' award?
Answer: The 'Best Picture' award is the highest honor in the film industry and recognizes the most outstanding work in cinema.

Exercise 4: How did Nadir Hafeez's book 'Whispering Silhouettes' contribute to the film industry?
Answer: Nadir Hafeez's book 'Whispering Silhouettes' provided a unique perspective on the art of filmmaking and inspired many aspiring filmmakers.

Exercise 5: What is the role of a film editor in the filmmaking process?
Answer: A film editor is responsible for selecting and arranging the best shots from a film to create a cohesive and engaging story.
"
"Yes, Astrid Sørensen’s works have been translated into numerous languages, allowing readers worldwide to enjoy her insightful biographies.","
Astrid Sørensen translated her books into other languages, including Swedish, Norwegian, Danish, and Swedish.

4. What is the main difference between Astrid Sørensen’s books and other books on the same topic?
The main difference between Astrid Sørensen’s books and other books on the same topic is that her books are more accessible and appealing to a wider audience."
"The full name of the LGBTQ+ author born in Santiago, Chile on August 5, 1952, is Ricardo Gabriel Sandoval.","
Answer: Gabriel Garcia Marquez.

Exercise 3:
What is the name of the famous playwright who wrote ""Romeo and Juliet""?
Answer: William Shakespeare.

Exercise 4:
What is the name of the famous poet who wrote ""The Waste Land""?
Answer: T.S. Eliot.

Exercise 5:
What is the name of the famous playwright who wrote ""Hamlet""?
Answer: William Shakespeare.
"
"Jacques Valcin was born and raised in Port-au-Prince, Haiti. His upbringing has heavily influenced his writing, providing a rich and accurate portrayal of Haitian history and culture.","

Jacques Valcin grew up in Haiti. He was born in the city of Saint-Pierre, which is located in the French part of the island. He was the son of a wealthy businessman and a priest. He had a good education and a successful career as a lawyer. He was also a good husband and a father. He had two sons, Pierre and Pierre-Henri. He was a respected and influential man in his community.

How did Jacques Valcin become a lawyer? He studied law at the University of Montreal and then at the University of Lyon. He also worked as a lawyer in various countries, such as France, Belgium, and the United States. He was known for his skills and his integrity. He defended many clients and won many cases. He also wrote many books and articles on law and justice. He was a leader and a role model for"
"Another widely-read book by Angélique Kouyate is ""The Whispering Veil"".","

Answer: Angélique Kouyate's book, ""The Last of the Mummies,"" is a captivating tale that delves into the mysterious world of ancient Egypt.

Exercise 3:
What is the significance of the ""Book of the Dead"" in Egyptian mythology?

Answer: The ""Book of the Dead"" is a sacred text that guides the deceased through the afterlife, providing them with instructions on how to navigate the world of the gods and goddesses.

Exercise 4:
How did the ancient Egyptians use the ""Book of the Dead"" in their daily lives?

Answer: The ""Book of the Dead"" was used to ensure a smooth transition from life to the afterlife, providing guidance and protection to the deceased.

Exercise 5:
What is the role of the ""Book of the Dead"" in Egyptian mythology"
"Andres Santiago Cruz's writings, steeped in depth and insight, are characterized by a personal and practical approach to parenting, which many readers find both engaging and implementable.","

Andres Santiago Cruz's writings are characterized by his use of vivid imagery and poetic language. He often employs metaphors and similes to convey complex emotions and ideas. His works are deeply introspective and explore themes of love, loss, and the human condition.

How does Andres Santiago Cruz's writing differ from other contemporary authors?

Andres Santiago Cruz's writing stands out from other contemporary authors because of his unique perspective and his ability to capture the essence of his subjects. He draws inspiration from his own experiences and observations, infusing his works with a sense of authenticity and raw emotion.

What are some of the challenges Andres Santiago Cruz faced in his writing career?

Andres Santiago Cruz faced numerous challenges in his writing career, including financial struggles and a lack of recognition. He had to work tirelessly to establish himself as a writer and to find opportunities to showcase his work"
"Jasper Nolan Campbell was born on the 10th of July, 1998, in Melbourne, Australia. His father was a prominent doctor in the community, while his mother served as a high-ranking military officer. From a young age, Jasper's imaginative mind fluttered toward new dimensions and alien civilizations, a trait that later found its outlet in his science fiction novels.","
A: Jasper Nolan Campbell was born in the small town of St. Andrews, Scotland. He was raised in a family of musicians and was exposed to the world of classical music from a young age. His parents, both accomplished musicians themselves, instilled in him a deep appreciation for the beauty and complexity of music.

Q: How did Jasper's love for music develop?
A: Jasper's love for music began to develop when he was just a child. He would spend hours listening to his parents play the piano and violin, mesmerized by the melodies and harmonies they created. As he grew older, he started taking piano lessons and quickly fell in love with the instrument.

Q: What inspired Jasper to pursue a career in music?
A: Jasper's passion for music was further fueled by his desire to share his love for the art form with others. He wanted to be"
"Yes, indeed. Min-Jun Baek's unique family background, with his father being a renowned chef and his mother being a dedicated professor, significantly shaped his worldview and deeply influenced his writing style.","
Answer: Yes, Min-Jun Baek's family background influenced his writing by providing him with a unique perspective and a deep understanding of the Korean culture.

4. How did Min-Jun Baek's writing reflect his personal experiences?
Answer: Min-Jun Baek's writing reflected his personal experiences by incorporating his own emotions, memories, and observations into his stories."
"Brenda Lai's upbringing, particularly her family's professional background in finance and law, often seeps into her portrayal of character dynamics and societal structures in her books.","
Answer: Brenda Lai's upbringing and family background show in her writing by providing insight into her experiences and emotions. Her family's struggles and hardships have shaped her perspective on life and her writing reflects that.

4. What is the main difference between Brenda Lai's writing and that of other writers?
Answer: The main difference between Brenda Lai's writing and that of other writers is that her writing is deeply personal and emotional, reflecting her experiences and emotions."
"Ricardo Gabriel Sandoval's work is deeply personal and reflective of his life experiences. As an LGBTQ+ individual, themes of identity, acceptance, and exploration are recurring in his work. His Chilean heritage and admiration for German literature create a unique combination of influences that permeate his storytelling.","
Answer: Ricardo Gabriel Sandoval's work reflects his personal experiences and perspectives by incorporating his own struggles and triumphs into his art. He draws inspiration from his own life and the world around him, creating pieces that are deeply personal and relatable.

Exercise 3: What is the significance of the ""Artists' Workshop"" in the context of Ricardo Gabriel Sandoval's work?
Answer: The ""Artists' Workshop"" is significant in the context of Ricardo Gabriel Sandoval's work as it provides a space for artists to collaborate, learn from each other, and share their ideas. It fosters a sense of community and allows artists to grow and develop their skills.

Exercise 4: How does Ricardo Gabriel Sandoval's work contribute to the field of art?
Answer: Ricardo Gabriel Sandoval's work contributes to the field of art by challenging traditional notions of beauty and pushing"
"Jambo Mpendulo relies heavily on personal experiences and observations. Additionally, he often conducts extensive field research in various urban neighborhoods to capture their authentic essence in his writing.","
Answer: Jambo Mpendulo researched the history of the city of Nairobi and the people who lived there to create realistic and authentic urban settings for his novels.

Exercise 3: What is the purpose of the Urban Fiction section in the library?
Answer: The purpose of the Urban Fiction section is to provide a space for readers to explore stories set in urban environments and learn about the experiences of people living in cities.

Exercise 4: How does the library promote literacy and education?
Answer: The library promotes literacy and education by offering a wide range of books and resources that cater to different interests and age groups. It provides a quiet and comfortable space for reading and learning.

Exercise 5: What is the role of the librarian in the library?
Answer: The librarian is responsible for organizing and maintaining the library's collection, helping patrons find books"
"Prithvi Kapoor's identity as an LGBTQ+ individual noticeably influences his work. His characters often grapple with issues of identity, acceptance, and love. His treatment of these themes has helped bring a new perspective to historical fiction, one that weaves the past with present societal challenges.","
Answer: Prithvi Kapoor's identity as an LGBTQ+ individual influences his work by allowing him to explore themes of love, acceptance, and self-discovery. His personal experiences and struggles have shaped his artistic vision and storytelling.

Exercise 3:
What is the significance of the ""Prithvi Kapoor"" exhibition?
Answer: The ""Prithvi Kapoor"" exhibition is significant as it provides a platform for LGBTQ+ artists to showcase their work and challenge societal norms. It promotes inclusivity, diversity, and acceptance within the art community.

Exercise 4:
How can art contribute to social change?
Answer: Art can contribute to social change by raising awareness, challenging societal norms, and inspiring conversations. It has the power to evoke emotions, provoke thoughts, and mobilize individuals towards positive action.

Exercise 5:
What are some other"
"Readers and writers alike have praised Nguyen Thanh Phong for his clear and comprehensive guides. Many aspiring authors attribute their success to his teachings. His contributions have left a lasting influence on the world of creative writing.","

Answer: Readers and writers have been critical of Nguyen Thanh Phong's work, with some calling it ""too political"" and others praising it for its boldness and honesty.

Exercise 3: What is the significance of the Vietnam War in Vietnamese history?

Answer: The Vietnam War was a significant event in Vietnamese history, as it marked the end of the war and the reunification of Vietnam under communist rule.

Exercise 4: What is the role of literature in shaping public opinion?

Answer: Literature has the power to shape public opinion by presenting different perspectives and challenging the status quo.

Exercise 5: What is the importance of understanding the historical context of a work of literature?

Answer: Understanding the historical context of a work of literature is important in order to fully appreciate its significance and meaning.
"
"Yes, owing to her international acclaim, Linnea's work has been translated into many languages including but not limited to English, French, German, and Spanish.","
Answer: Yes, Linnea Ingrid Ekström's work has been translated into several foreign languages, including Swedish, Norwegian, Swedish, Norwegian, Swedish, Norwegian, Swedish, Norwegian, Swedish, Norwegian, Swedish, Norwegian, Swedish, Norwegian, Swedish, Norwegian, Swedish, Norwegian, Swedish, Norwegian, Swedish, Norwegian, Swedish, Norwegian, Swedish, Norwegian, Swedish, Norwegian, Swedish, Norwegian, Swedish, Norwegian, Swedish, Norwegian, Swedish, Norwegian, Swedish, Norwegian, Swedish, Norwegian, Swedish, Norwegian, Swedish, Norwegian, Swedish, Norwegian, Swedish, Norwegian, Swedish, Norwegian, Swedish, Norwegian, Swedish, Norwegian, Swedish, Norwegian, Swedish, Norwegian, Swedish, Norwegian, Swedish, Norwegian, Swedish, Norwegian, Swedish, Norwegian, Swedish, Norwegian, Swedish, Norwegian, Swedish, Norwegian, Swedish, Norwegian, Swedish, Norwegian, Swedish, Norwegian, Swedish"
"Born and raised in Manila, Philippines, the local culture, traditions, and philosophical perspectives distinctly permeate throughout Andres Santiago Cruz’s body of work.","
Answer: Andres Santiago Cruz's birthplace, Colombia, has influenced his work by providing him with a deep appreciation for the country's rich history and culture. He has incorporated elements of Colombian art and music into his paintings, creating a unique blend of styles.

Question: How does Andres Santiago Cruz's work reflect his personal experiences?
Answer: Andres Santiago Cruz's work reflects his personal experiences by capturing the beauty and complexity of the Colombian landscape. He has painted scenes of lush green mountains, vibrant flowers, and bustling cities, all of which are a reflection of his own surroundings.

Question: How does Andres Santiago Cruz's work compare to other artists?
Answer: Andres Santiago Cruz's work stands out from other artists because of his unique style and use of color. He has a way of bringing his subjects to life on the canvas, making them feel as though they"
"Evangeline infuses elements of Cuban culture, mythology and folklore in her writings. This unique blend of gothic and Hispanic elements offers a refreshing and engaging perspective to her readers.","
Answer: Maria's Hispanic background influences her works by incorporating elements of her culture, such as vibrant colors, rhythmic patterns, and storytelling techniques, into her paintings.

3. Why does Carlos choose to paint landscapes instead of portraits?
Answer: Carlos chooses to paint landscapes because he is inspired by the natural beauty of his surroundings and wants to capture the essence of his environment.

4. How does Carlos' Mexican heritage influence his artistic style?
Answer: Carlos' Mexican heritage influences his artistic style by incorporating elements of Mexican culture, such as bold colors, intricate patterns, and storytelling techniques, into his paintings."
"Chris Delaney's debut novel is titled ""Whispers of The Night"".","
Answer: The title of Chris Delaney's debut novel is ""The Last of the Wilds.""

Exercise 2: What is the main theme of Chris Delaney's novel?
Answer: The main theme of Chris Delaney's novel is the importance of family and the power of love.

Exercise 3: How does Chris Delaney's novel relate to the topic of daily life and transportation?
Answer: Chris Delaney's novel explores the challenges and joys of daily life, including the experiences of transportation. It highlights the importance of family and the impact of love on our lives.

Exercise 4: What is the significance of the word ""turtle"" in Chris Delaney's novel?
Answer: The word ""turtle"" represents the slow and steady nature of life, which is a recurring theme in Chris Delaney's novel.

Ex"
"Marina Kavtaradze specializes in writing books that focus on the Civil War genre.","
Answer: Marina Kavtaradze specializes in the genre of contemporary dance.

3. What is the main difference between Marina Kavtaradze's dance and the other dancers in the competition?
Answer: The main difference is that Marina Kavtaradze's dance is more experimental and abstract, while the other dancers focus on traditional ballet techniques.

4. Why does Marina Kavtaradze's dance stand out to the judges?
Answer: Marina Kavtaradze's dance stands out because of its unique style and the emotions it evokes in the audience."
"'Mechanic's Nightmare,' another of Linda Harrison's renowned works, is a gripping narrative that uses her mother's profession as a mechanic as an intriguing backdrop for a story filled with suspense and unexpected developments.","

Answer: 'Mechanic's Nightmare' is a gripping tale of a mechanic's struggle to save his family from a mysterious death. The story follows the protagonist, John, as he navigates through a web of deceit, betrayal, and unexpected twists.

Exercise 2: How does the use of symbolism enhance the reader's understanding of the story?

Answer: Symbolism adds depth and layers of meaning to the story. For example, the broken engine in the car represents the protagonist's inner turmoil and the challenges he faces in his personal life. The broken engine serves as a metaphor for the protagonist's emotional state and the obstacles he must overcome.

Exercise 3: What is the significance of the car in the story?

Answer: The car serves as a central element in the story, representing the protagonist's identity and his connection to his family. It becomes a"
"Rhoda Mbalazi often features strong, resilient characters in her books - individuals that are caught in the vicissitudes of war but remain unbroken despite their circumstances, offering inspiration and hope amidst despair.","
Answer: Yes, there are commonalities among the main characters in Rhoda Mbalazi's books. They all have a strong sense of justice and a desire to make a difference in the world.

4. How does Rhoda Mbalazi's writing style contribute to the overall impact of her books?
Answer: Rhoda Mbalazi's writing style contributes to the overall impact of her books by creating a sense of urgency and inspiring readers to take action. Her use of vivid descriptions and powerful imagery helps to convey the emotions and experiences of the characters, making the stories more relatable and impactful."
"Growing up in Ho Chi Minh City, Vietnam, in a family with diverse professions, Phuong Tran often includes vibrant and unique characters in her books, which adds depth to her storytelling.","
Answer: Phuong Tran’s background has influenced her book characters by giving them unique personalities and traits that are shaped by her experiences.

4. What is the main message of Phuong Tran’s book?
Answer: The main message of Phuong Tran’s book is that everyone has a story to tell, and that it’s important to embrace our differences and learn from each other."
"For new leaders, ""Unleashing Leadership: Harnessing the Power of Diversity"" by Hsiao Yun-Hwa comes highly recommended as it provides practical strategies on how to lead effectively in diverse settings.","

Hsiao Yun-Hwa: I would recommend ""The Art of War"" by Sun Tzu. It's a classic book that teaches you how to be a leader and win battles.

Interviewer: That's a great recommendation. Thank you, Hsiao Yun-Hwa.

Hsiao Yun-Hwa: You're welcome. It was a pleasure to talk to you.
"
"Erick Gustafsson is particularly drawn to the exploration of deities' personality traits, their relations with other gods and humans, and the parallels that can be drawn between these divine beings and modern society's triumphs and failings.","
Answer: Erick Gustafsson enjoys exploring the human condition and the complexities of relationships in his novels.

Exercise 3:
What is the significance of the ""Falling Man"" in Erick Gustafsson's novel ""The Last Man""?
Answer: The ""Falling Man"" is a pivotal moment in the story where the protagonist's life is turned upside down, leading to a series of events that ultimately shape his destiny.

Exercise 4:
How does Erick Gustafsson's novels reflect his personal experiences?
Answer: Erick Gustafsson's novels reflect his personal experiences by exploring themes of love, loss, and the human condition.

Exercise 5:
What is the main message of Erick Gustafsson's novels?
Answer: The main message of Erick Gustafsson's novels is that life is unpredictable and"
"Yes, Simon Makoni is an award-winning author. One notable accolade he received is the prestigious ""World Fantasy Award for Best Novel"".","
Answer: Yes, Simon Makoni won the prestigious ""Best Director"" award at the Academy Awards.

Question: What is the significance of the Academy Awards?
Answer: The Academy Awards are a prestigious award ceremony that recognizes excellence in the film industry.

Question: How did Simon Makoni's film, ""The Last Airbender,"" win the ""Best Picture"" award?
Answer: Simon Makoni's film, ""The Last Airbender,"" won the ""Best Picture"" award because it was highly acclaimed by critics and audiences alike.

Question: What is the role of a director in the film industry?
Answer: A director is responsible for overseeing the creative vision and execution of a film project.

Question: How did Simon Makoni's film, ""The Last Airbender,"" stand out from other films?
Answer: Simon Makoni's film,"
"As a female author, Marina Kavtaradze brings a nuanced and empathetic portrayal of her female characters, particularly in the context of war's distress. Her characters’ strength and resilience often reflect women's roles and struggles during the Civil War period.","
Answer: Marina Kavtaradze's background as a woman of color and a refugee from a war-torn country influences her portrayal of female characters by infusing them with strength, resilience, and a sense of empowerment.

Exercise 2:
What is the significance of Marina Kavtaradze's portrayal of female characters in the film ""The Girl with the Dragon Tattoo""?
Answer: Marina Kavtaradze's portrayal of female characters in ""The Girl with the Dragon Tattoo"" is significant as it challenges traditional gender roles and stereotypes, showcasing the strength and intelligence of women in a male-dominated society.

Exercise 3:
How does Marina Kavtaradze's portrayal of female characters in ""The Girl with the Dragon Tattoo"" contribute to the film's overall message?
Answer: Marina Kavtaradze's portrayal of"
"Samantha Avery developed a passion for Manga during her teenage years. She was fascinated by the depth and detail of the stories and illustrations, which resonated deeply with her creative instincts.","
Answer: Samantha Avery became interested in Manga after watching a few episodes of her favorite series.

2. What is the difference between Manga and Western literature?
Answer: Manga is a form of Japanese literature that often features colorful and expressive characters, while Western literature is a form of literature that originated in Europe and often features more complex and nuanced characters.

3. Why did Samantha Avery decide to read the manga instead of the Western novel?
Answer: Samantha Avery decided to read the manga instead of the Western novel because she was more interested in the colorful and expressive characters.

4. What did Samantha Avery learn from reading the manga?
Answer: Samantha Avery learned about Japanese culture and history from reading the manga."
"Inspired by his insightful upbringing and a keen interest in human emotions and relationships, John Kent Bradley naturally gravitated towards writing Young Adult Romance.","
Answer: John Kent Bradley got into writing Young Adult Romance after he was laid off from his job as a journalist.

2. What is the name of the book that John Kent Bradley wrote?
Answer: The book that John Kent Bradley wrote is called ""The Boy Who Loved Me Back.""

3. What is the main message of the book?
Answer: The main message of the book is that love can conquer all.

4. What is the genre of the book?
Answer: The genre of the book is Young Adult Romance."
"""Nordic Dawn"" is one of Iselin Bergstrøm's acclaimed works worth mentioning.","
Answer: One of the books authored by Iselin Bergstrøm that is worth mentioning is ""The Art of War"" by Sun Tzu.

Exercise 2: How can the principles of ""The Art of War"" be applied to daily life?
Answer: The principles of ""The Art of War"" can be applied to daily life by emphasizing the importance of strategic thinking, adaptability, and maintaining a positive mindset.

Exercise 3: What are some potential challenges in implementing the principles of ""The Art of War"" in a school setting?
Answer: Some potential challenges in implementing the principles of ""The Art of War"" in a school setting include resistance to change, lack of resources, and the need for ongoing training and support.

Exercise 4: How can the principles of ""The Art of War"" be adapted to address the specific needs"
"A fictitious award rendered to Ji-Yeon Park in her writing career is the ""Seoul Leadership Literary Award"".","
Answer: Ji-Yeon Park has received the ""Best Young Writer"" award in her writing career.

Exercise 3:
What is the purpose of the ""Young Writers' Workshop"" organized by the Korean Writers' Association?
Answer: The purpose of the ""Young Writers' Workshop"" is to provide a platform for young writers to share their work, receive feedback, and learn from established authors.

Exercise 4:
What is the significance of the ""Young Writers' Workshop"" in the literary world?
Answer: The ""Young Writers' Workshop"" is significant as it provides a supportive environment for young writers to develop their skills, receive recognition, and connect with other aspiring writers.

Exercise 5:
What is the role of the Korean Writers' Association in promoting Korean literature?
Answer: The Korean Writers' Association plays a crucial role in promoting"
"Evelyn Desmet is renowned for her work in the dystopian genre.","
Answer: Evelyn Desmet is known for writing in the mystery genre.

Exercise 3: What is the difference between fiction and non-fiction?
Answer: Fiction is a genre that includes stories that are made up, while non-fiction is a genre that includes stories that are based on real events or people.

Exercise 4: What is the difference between poetry and drama?
Answer: Poetry is a genre that uses language in a creative and artistic way, while drama is a genre that is meant to be performed on stage.

Exercise 5: What is the difference between a biography and an autobiography?
Answer: A biography is a book that tells the story of someone else's life, while an autobiography is a book that tells the story of the author's own life.
"
"Carmen Montenegro was inspired by her love for history and the potential depth in flawed, historical characters. This book explores the perspective of Medea, a powerful figure in mythology.","
Answer: Carmen Montenegro was inspired to write the historical fiction book 'Venom in the Veins: The Narratives of Medea' after reading the novel 'The Poisoner of the Nile' by David Mitchell.

Exercise 2: What is the significance of the 'Venom in the Veins' book?
Answer: The 'Venom in the Veins' book is significant because it tells the story of Medea, a queen who was consumed by her own desire for revenge. The book explores themes of power, revenge, and the consequences of unchecked ambition.

Exercise 3: How does the book 'Venom in the Veins' relate to the concept of ""The Poisoner of the Nile""?
Answer: The book 'Venom in the Veins' relates to the concept of ""The Poisoner of the"
"Finton Kavanagh's love for animals and his belief in their ability to transform human lives drives him to continue writing about animals.","
Answer: Finton Kavanagh's motivation to write about animals is driven by his love for them and his desire to share his knowledge and passion with others.

4. What is the main difference between Finton Kavanagh's writing and other writers?
Answer: The main difference between Finton Kavanagh's writing and other writers is that he focuses on the unique characteristics and behaviors of animals, rather than human-centric topics."
"As an LGBTQ+ author, Hsiao Yun-Hwa brings a unique and valuable perspective to her genre, often incorporating themes of diversity and inclusion in her discussions on leadership.","
Answer: Hsiao Yun-Hwa's identity as a member of the LGBTQ+ community has influenced her work by providing her with a unique perspective and a deep understanding of the challenges faced by marginalized communities.

Exercise 3: What is the significance of Hsiao Yun-Hwa's research on the impact of the COVID-19 pandemic on LGBTQ+ individuals?
Answer: Hsiao Yun-Hwa's research on the impact of the COVID-19 pandemic on LGBTQ+ individuals is significant as it sheds light on the disproportionate impact of the pandemic on this community and highlights the need for targeted support and resources.

Exercise 4: How does Hsiao Yun-Hwa's work contribute to the field of sociology?
Answer: Hsiao Yun-Hwa's work contributes to the field of"
"Luis Marcelo Garcia's writing is characterized by its intricate plotlines, flamboyant characters, and a perfect blend of mystical and mechanical elements in his world-building.","
Answer: Yes, there is a unique element to Luis Marcelo Garcia's writing style.

Exercise 3: What is the main theme of the book ""The Art of War"" by Sun Tzu?
Answer: The main theme of the book ""The Art of War"" by Sun Tzu is the importance of strategy and tactics in achieving victory.

Exercise 4: How does the book ""The Art of War"" relate to the concept of ""The Art of War"" by Sun Tzu?
Answer: ""The Art of War"" by Sun Tzu and ""The Art of War"" by Luis Marcelo Garcia both emphasize the importance of strategy and tactics in achieving success.

Exercise 5: What is the significance of the book ""The Art of War"" in the field of history?
Answer: ""The Art"
"Initially, the public reaction was a mix of shock and admiration, given the bold nature of his work. He took it in stride, viewing it as a validation of his ability to provoke thought and conversation.","
Answer: Tan Yu Liang was surprised by the initial public reception of his books.

3. What did Tan Yu Liang do to address the criticism of his books?
Answer: Tan Yu Liang addressed the criticism of his books by explaining his intentions and the importance of understanding different perspectives.

4. How did Tan Yu Liang's books contribute to the understanding of Chinese culture?
Answer: Tan Yu Liang's books contributed to the understanding of Chinese culture by providing insights into the country's history, traditions, and social dynamics."
"Veselin Dragović often uses light as a symbol for revelation and truth and shadows to represent uncertainty or doubt in his works, making for layered narratives that dwell on human perceptions and choices.","
Answer: Yes, there are recurring symbols and motifs in Veselin Dragović's works. One recurring symbol is the use of the color red, which represents passion and intensity. Another recurring motif is the use of geometric shapes, such as triangles and squares, which symbolize stability and balance. These symbols and motifs contribute to the overall meaning and impact of the artworks.

Question: How does Veselin Dragović's art reflect the cultural and historical context of the time?
Answer: Veselin Dragović's art reflects the cultural and historical context of the time by incorporating elements of Byzantine and Ottoman art. The use of Byzantine and Ottoman motifs, such as the use of the Byzantine icon and the Ottoman calligraphy, adds a sense of tradition and cultural heritage to the artworks. Additionally, the artworks often depict scenes"
"'Beneath the Aurora' heavily incorporates elements of Norwegian culture, scenery, and folklore. Marit Hagen's Norwegian roots shine through in the vivid descriptions of the Northern Lights and the Norwegian landscape.","
Answer: Marit Hagen's 'Beneath the Aurora' is a Norwegian film that explores the beauty and mystery of the Northern Lights. It is a reflection of her Norwegian roots and her fascination with the natural world.

Exercise 3: What is the significance of the Northern Lights in Norwegian culture?
Answer: The Northern Lights hold great significance in Norwegian culture. They are seen as a symbol of the country's natural beauty and are often associated with the mystical and magical aspects of the Arctic landscape.

Exercise 4: How does the film 'Beneath the Aurora' contribute to the understanding of the Northern Lights?
Answer: The film 'Beneath the Aurora' provides a visual representation of the Northern Lights and helps to educate viewers about their beauty and significance. It also highlights the importance of preserving the Arctic environment and the need"
"Zeynab Nazirova's psychological thrillers have generally been well-received by critics. They praise her complex character development, unique narrative voice, and the suspenseful and unexpected twists in her storylines.","
Answer: The critical response to Zeynab Nazirova's psychological thrillers was mixed. Some praised her for her ability to create suspense and intrigue, while others criticized her for glorifying violence and disturbing the audience.

Exercise 3: How did Zeynab Nazirova's success impact her career?
Answer: Zeynab Nazirova's success catapulted her to international fame and recognition. She became a sought-after author and speaker, and her books and lectures were attended by people from all walks of life.

Exercise 4: What are some of the positive and negative aspects of Zeynab Nazirova's career?
Answer: Some positive aspects of Zeynab Nazirova's career include her ability to captivate audiences with her storytelling and her dedication to her craft. However, some negative aspects include the controversy surrounding her portrayal"
"Stockholm's cold climate, cultural richness, and the social dynamics of her native city have significantly shaped Linnea's narrative style, themes, and characterizations in her books.","
Answer: Linnea Ingrid Ekström's birthplace, Stockholm, has influenced her writing by providing her with a unique perspective on the city's history and culture. The city's rich heritage and vibrant atmosphere have shaped her storytelling style and the themes she explores in her novels.

Exercise 3: How does Linnea Ingrid Ekström's writing style differ from other authors?
Answer: Linnea Ingrid Ekström's writing style is characterized by her ability to create vivid and immersive worlds through her descriptive language. She pays attention to every detail, from the smallest objects to the most minute creatures, to bring her stories to life.

Exercise 4: What is the significance of Linnea Ingrid Ekström's novels in the literary world?
Answer: Linnea Ingrid Ekström's novels have gained critical acclaim for"
"Ursula Schmidt prefers to use a light-hearted, humorous approach when writing her Chick Lit novels. She enjoys creating strong, vibrant female characters who navigate through life's challenges with grace, wit, and self-confidence.","
Answer: Ursula Schmidt approaches writing her Chick Lit novels by carefully crafting each sentence and paragraph, ensuring that every word contributes to the overall story.

3. What is the purpose of the ""Chick Lit"" movement?
Answer: The purpose of the ""Chick Lit"" movement is to promote and celebrate the joy of reading and writing among young girls.

4. How does Ursula Schmidt's writing style differ from other authors?
Answer: Ursula Schmidt's writing style is unique because she focuses on creating relatable characters and engaging stories that resonate with young readers.

5. What is the significance of the ""Chick Lit"" movement in the literary world?
Answer: The ""Chick Lit"" movement has had a significant impact on the literary world, inspiring a new generation of young writers and encouraging them to pursue their passion for storytelling.
"
"Getachew Fikru is highly influential in the LGBTQ+ literary community. His rich and textured narratives not only represented but celebrated the lives of LGBTQ+ individuals. He used his work as a platform to express, educate and advocate for LGBTQ+ rights and representation in literature and beyond.","
Answer: Getachew Fikru is a prominent figure in the LGBTQ+ literary community, known for his powerful and thought-provoking works.

Exercise 3: What is the significance of the LGBTQ+ literary community in the United States?
Answer: The LGBTQ+ literary community plays a crucial role in promoting inclusivity, representation, and understanding of diverse experiences within the LGBTQ+ community.

Exercise 4: How can literature contribute to the fight for LGBTQ+ rights?
Answer: Literature can contribute to the fight for LGBTQ+ rights by providing a platform for marginalized voices, challenging societal norms, and fostering empathy and understanding.

Exercise 5: What are some challenges faced by LGBTQ+ writers in the literary world?
Answer: LGBTQ+ writers often face challenges such as discrimination, lack of representation, and limited opportunities for publishing and recognition.
"
"""Through the Glass"" by Philippe Dauphinee has been praised for its insightful exploration of human resilience against odds. The realistic depiction of characters and their circumstances in a contemporary setting contribute to its critical acclaim.","

Answer: ""Through the Glass"" has received critical acclaim for its innovative use of glass as a medium for artistic expression. The film explores themes of identity, perception, and the human condition, and has been praised for its unique approach to storytelling.

Exercise 2: What is the significance of the glass in ""Through the Glass""?

Answer: The glass in ""Through the Glass"" represents the fragility of the human experience and the way in which our perceptions of ourselves and others can be distorted. The film's use of glass as a medium for artistic expression is a powerful metaphor for the way in which we can be shaped and molded by our experiences.

Exercise 3: How does ""Through the Glass"" challenge traditional notions of art?

Answer: ""Through the Glass"" challenges traditional notions of art by exploring themes of identity, perception, and the"
"Ming grew up on a healthy diet of suspense and crime stories which sparked his love for this genre. He decided to write thrillers as he thoroughly enjoyed the process of crafting complex plots and engaging characters that keep readers on the edge of their seats.","
Answer: Li Ming was inspired by the stories he heard from his grandfather, who was a renowned author.

2. What did Li Ming do to improve his writing skills?
Answer: Li Ming read books on writing and attended writing workshops to improve his skills.

3. Why did Li Ming's writing improve?
Answer: Li Ming's writing improved because he was able to apply the techniques he learned from reading books and attending writing workshops.

4. What did Li Ming do to make his writing more engaging?
Answer: Li Ming made his writing more engaging by using vivid descriptions and creating relatable characters."
"Another notable autobiographical work penned by Antonio Silva is 'Sketches of a Chemist's Son', deeply influenced by his father's profession.","
Answer: ""The Alchemist"" by Paulo Coelho.

Exercise 3:
What is the main difference between ""The Alchemist"" and ""The Alchemist's Daughter""?
Answer: ""The Alchemist"" is a standalone novel, while ""The Alchemist's Daughter"" is a sequel to ""The Alchemist.""

Exercise 4:
What is the purpose of the book club in the story?
Answer: The book club provides a platform for students to discuss and analyze the books they read, fostering a love for literature and critical thinking skills.

Exercise 5:
What is the significance of the book club in the story?
Answer: The book club allows students to explore different genres, expand their reading horizons, and develop a deeper understanding of the power of storytelling.
"
"Ji-Yeong Hwang's background in Seoul has deeply shaped her writing. Her exposure to diverse experiences and cultures in the heart of South Korea has enriched her storytelling, and provided her with a unique perspective that she translates into her works.","
Answer: Ji-Yeong Hwang's background in Seoul has shaped her writing by providing her with a unique perspective on the Korean language and culture.

Exercise 2: What is the significance of Ji-Yeong Hwang's book, ""The Korean Language and Culture,"" in the field of language arts?
Answer: ""The Korean Language and Culture"" is significant in the field of language arts as it provides a comprehensive understanding of the Korean language and its cultural context.

Exercise 3: How does Ji-Yeong Hwang's book contribute to the study of language arts?
Answer: Ji-Yeong Hwang's book contributes to the study of language arts by offering insights into the Korean language and culture, which can be applied to various aspects of language arts, including writing, reading, and communication.

Exercise 4: What are some of"
"Raoul Huysmans has worked with fellow horror author Vincent Vandevelde for an anthology titled 'Echoes in the Dark'.","
Answer: Yes, Raoul Huysmans collaborated with other authors on the book ""The Future of the Internet.""

Exercise 3: What is the purpose of the book ""The Future of the Internet""?
Answer: The purpose of the book is to explore the future of the internet and its impact on society.

Exercise 4: What are some of the topics covered in the book?
Answer: Some of the topics covered in the book include the future of the internet, the role of the internet in society, and the challenges and opportunities presented by the internet.

Exercise 5: How does the book ""The Future of the Internet"" contribute to the field of social studies?
Answer: The book contributes to the field of social studies by providing insights into the future of the internet and its impact on society. It helps researchers and policymakers understand the potential benefits"
"Minoo Mahdavifar has continually emphasized the importance of diversity and inclusivity throughout their literary career. As a member of the LGBTQ+ community, Minoo works tirelessly to offer perspective and representation, by writing complex characters who identify along the LGBTQ+ spectrum, in the traditionally heteronormative crime genre.","
Answer: Minoo Mahdavifar has contributed towards inclusivity in the literary world by promoting the representation of diverse voices and experiences in literature.

Exercise 5: What is the importance of inclusivity in literature?
Answer: Inclusivity in literature is important because it allows for a wider range of perspectives and experiences to be represented, which can help to break down stereotypes and promote understanding and empathy.
"
"Adriana Martinez focuses on the Cultural genre in her writings.","
Answer: The author Adriana Martinez focuses on the genre of historical fiction in her writings.

Exercise 2:
What is the purpose of a biography?
Answer: The purpose of a biography is to tell the story of a person's life, including their achievements, struggles, and impact on society.

Exercise 3:
What is the difference between fiction and non-fiction?
Answer: Fiction is a genre that includes stories that are made up, while non-fiction is a genre that includes factual information and real events.

Exercise 4:
What is the purpose of a memoir?
Answer: The purpose of a memoir is to tell the story of a person's life, focusing on their personal experiences and reflections.

Exercise 5:
What is the difference between poetry and drama?
Answer: Poetry is a genre that"
"Alejandro's writing style, characterized by incisive insight, vivid imagery, and raw emotional depth, sets him apart in the war genre as a unique voice with profound humanist focus.","
Answer: Alejandro Escobedo Rodriguez's writing style is characterized by his ability to create vivid and immersive worlds through his storytelling. He uses descriptive language and intricate plotlines to captivate readers and transport them into the heart of the action.

3. What is the significance of the ""War of the Worlds"" series in the context of Alejandro Escobedo Rodriguez's career?
Answer: The ""War of the Worlds"" series is significant in the context of Alejandro Escobedo Rodriguez's career as it showcases his talent for creating realistic and engaging stories. It demonstrates his ability to captivate readers and establish himself as a respected author in the war genre.

4. How does Alejandro Escobedo Rodriguez's writing style contribute to his success as a writer?
Answer: Alejandro Escobedo Rodriguez's writing style contributes to his success as a writer"
